id,parent_id,name,description,views,sort_order,page_title,meta_keywords,meta_description,layout_file,image_url,is_visible,search_keywords,default_product_sort,custom_url
129,212,All Other Brands,,0,12,Buy Premium Hair Care Brands | Online now from AllHair.ie,"[""""]",Shop now for all the Premium Hair Care Brands you desire at AllHair.ie. Our next Day delivery service throughout Ireland will ensure you get order swiftly. All our orders and tracked and traced until point of delivery.  Shop now for the full range,category.html,,1,,use_store_settings,"{""url"":""/all-other/"",""is_customized"":false}"
130,129,Tangle Teezer,,0,8,Buy Tangle Teezer Products online from AllHair.ie today,"[""""]",Shop the Tangle Teezer Range now at AllHair.ie. Our next day delivery service will ensure you receive your product prompthly. All Orders are dispatched from our Warehouse in Bray and will be discreetly packaged to protect your privacy,category.html,,,,use_store_settings,"{""url"":""/tangle-teezer/"",""is_customized"":false}"
131,212,Pureology,"<p style=""text-align: left;""><span lang=""EN-GB"">Started in California in 2001, </span><a href=""%%GLOBAL_ShopPathSSL%%/pureology-clean-volume-conditioner-250ml/""><span lang=""EN-GB"">Pureology</span></a><span lang=""EN-GB"">&nbsp;is a brand specifically focused on colour-treated hair, and a pioneer of the &lsquo;no nasties&rsquo; movement. Pureology is one of the first haircare brands to develop 100% vegan formulas, made with sustainably-sourced natural plant extracts and without animal products.&nbsp;</span></p>
<p style=""text-align: left;""><span lang=""EN-GB"">At AllHair.ie you will find a fantastic selection of Pureology&rsquo;s&nbsp;world-famous&nbsp;ZeroSulfate&reg;</span><a href=""%%GLOBAL_ShopPathSSL%%/Pureology-shampoo-conditioner/""><span lang=""EN-GB"">Shampoos &amp; Conditioners</span></a><span lang=""EN-GB"">&nbsp;to suit all needs. We particularly love the thickening&nbsp;</span><a href=""%%GLOBAL_ShopPathSSL%%/pureology-fullfyl-shampoo-250ml""><span lang=""EN-GB"">Pureology &ndash; Fullfyl Shampoo</span></a><span lang=""EN-GB"">&nbsp;that delivers fuller-looking hair, with Pureology&rsquo;s signature AntiFade complex added&nbsp;to keep your color vibrant and shiny. We also stock a selection of&nbsp;</span><a href=""%%GLOBAL_ShopPathSSL%%/Pureology-treatments-masks/""><span lang=""EN-GB"">Pureology Treatments &amp; Masks</span></a><span lang=""EN-GB"">&nbsp;for intensive nourishment as well as&nbsp;</span><a href=""%%GLOBAL_ShopPathSSL%%/Pureology-styling/""><span lang=""EN-GB"">Styling</span></a><span lang=""EN-GB"">&nbsp;products:&nbsp;all enriched with Pureology&rsquo;s signature aromatherapy blends that will soothe the senses as you look after your hair.</span></p>
<p style=""text-align: left;""><span lang=""EN-GB"">Here at AllHair.ie we make it our mission to bring you the most luxurious and high-performing haircare brands on the market today, and we are Irish-owned - so you can order online with confidence.</span></p>",0,6,Pureology : Sulfate Free Hair Products For Coloured Hair,"[""""]","Pureology is a professional sulfate free hair care brand with shampoo, conditioner and styling products for colour treated hair. Order today for fast delivery",category.html,,,,use_store_settings,"{""url"":""/pureology/"",""is_customized"":false}"
132,131,Shampoo & Conditioner,"<p style=""text-align: left;""><span lang=""EN-US"">At AllHair.ie we love a brand that can marry visible results and an ethical approach to their production and ingredients. </span><a href=""%%GLOBAL_ShopPathSSL%%/pureology/""><span>Pureology</span></a><span lang=""EN-US""> is the perfect example: this California brand is a pioneer in the haircare industry, with its Zero Sulfates, 100% vegan formulas and sustainably-sourced natural plant extracts. At AllHair.ie you will find a great selection of Pureology Shampoos &amp; Conditioners to suit all hair types. Take the </span><a href=""%%GLOBAL_ShopPathSSL%%/pureology-clean-volume-shampoo-250ml/""><span>Pureology Clean Volume Shampoo</span></a><span lang=""EN-US"">: </span><span lang=""EN-GB"">this volumising shampoo will eliminate dirt and build-up while promoting an airy, full-bodied appearance. This </span><a href=""%%GLOBAL_ShopPathSSL%%/pureology-clean-volume-shampoo-250ml/""><span lang=""EN-GB"">Pureology Shampoo</span></a><span lang=""EN-GB""> uses Aloe Water to absorb oils and retains moisture, with Soy Protein and Pureology&rsquo;s ANTIFADE COMPLEX&reg; to fortify, add lustre and protect. Try it with the matching </span><a href=""%%GLOBAL_ShopPathSSL%%/pureology-clean-volume-conditioner-250ml/""><span lang=""EN-GB"">Pureology Conditioner</span></a><span lang=""EN-GB"">, </span><a href=""%%GLOBAL_ShopPathSSL%%/pureology-clean-volume-conditioner-250ml/""><span lang=""EN-GB"">Pureology Clean Volume Conditioner</span></a><span lang=""EN-GB"">, for best results. We also stock </span><a href=""%%GLOBAL_ShopPathSSL%%/pureology-fullfyl-shampoo-250ml""><span lang=""EN-GB"">Pureology Fullfyl Shampoo</span></a><span lang=""EN-GB""> to add vibrancy to coloured hair, the moisturizing </span><a href=""%%GLOBAL_ShopPathSSL%%/pureology-pure-hydrate-shampoo-250ml/""><span lang=""EN-GB"">Pureology Pure Hydrate Shampoo</span></a><span lang=""EN-GB""> for hydration, </span><a href=""%%GLOBAL_ShopPathSSL%%/pureology-strength-cure-shampoo-250ml/""><span lang=""EN-GB"">Pureology Strength Cure Shampoo</span></a><span lang=""EN-GB""> for damaged hair &ndash; and more! Check out our full range of Pureology Shampoos &amp; Conditioners, </span><a href=""%%GLOBAL_ShopPathSSL%%/Pureology-styling/?sort=bestselling""><span lang=""EN-GB"">Pureology Styling</span></a><span lang=""EN-GB""> and </span><a href=""%%GLOBAL_ShopPathSSL%%/Pureology-treatments-masks/""><span lang=""EN-GB"">Pureology Treatments &amp; Masks</span></a><span lang=""EN-GB"">, and choose the perfect one for your needs! Order today from AllHair.ie and get next day delivery in Ireland!</span></p>",0,0,Pureology Shampoo : Sulfate Free Pureology Conditioner,"[""""]",Pureology shampoo and conditioner is sulfate free and has be specially designed for colour treated hair. Order today for next day delivery in Ireland,category.html,,,,use_store_settings,"{""url"":""/Pureology-shampoo-conditioner/"",""is_customized"":true}"
133,131,Treatments & Masks,"<p style=""text-align: left;""><span lang=""EN-GB"">Overdone it with heat styling, colouring sessions or bleaching, and now your hair is looking brittle, dull and in need of some serious TLC? Whether your preference is for deeply moisturizing cream masks, light serums or leave-in formulas, here at AllHair.ie you will find the perfect </span><a href=""%%GLOBAL_ShopPathSSL%%/pureology-pure-hydrate-shine-max-125ml/""><span lang=""EN-GB"">Pureology Treatment</span></a><span lang=""EN-GB""> for your needs.&nbsp;</span><span lang=""EN-US""><a href=""%%GLOBAL_ShopPathSSL%%/pureology-colour-fanatic-200ml/""><span lang=""EN-GB"">Pureology Colour Fanatic</span></a></span><span lang=""EN-GB""> is the </span><span lang=""EN-GB"">multi-tasking leave-in hair treatment spray that provides 21 benefits to prime, protect, and perfect colour-treated hair.&nbsp;Pureology Color Fanatic will seal cuticles, reduce dryness and frizz and even work as a hair smoothing and shine treatment! </span><span lang=""EN-US""><a href=""%%GLOBAL_ShopPathSSL%%/pureology-pure-hydrate-shine-max-125ml/"">Pureology Pure Hydrate Shine Max</a></span><span lang=""EN-US""> is the lightweight serum that will i</span><span lang=""EN-US"">nstantly smooth flyaways and add vibrant shine, while keeping colour radiant. For a deeper level of hydration, try a </span><span lang=""EN-US""><a href=""%%GLOBAL_ShopPathSSL%%/pureology-pure-hydrate-superfood-mask-170g/"">Pureology Mask</a></span><span lang=""EN-US""> like </span><span lang=""EN-US""><a href=""%%GLOBAL_ShopPathSSL%%/pureology-pure-hydrate-superfood-mask-170g/"">Pureology Pure Hydrate Super Food Mask</a></span><span lang=""EN-US""> - with Avocado and Coconut oil, it will moisturize and create a smooth, frizz-free finish. And </span><span lang=""EN-US""><a href=""%%GLOBAL_ShopPathSSL%%/pureology-strength-cure-superfood-mask-170g/"">Pureology Strength Cure Superfood Mask</a></span><span lang=""EN-US""> is the</span><span lang=""EN-GB""> intensive treatment to nourish dry, damaged hair for immediate improvement for hair in crisis. Match your Pureology Treatment &amp; Mask with your perfect </span><span lang=""EN-US""><a href=""%%GLOBAL_ShopPathSSL%%/Pureology-shampoo-conditioner/""><span lang=""EN-GB"">Pureology Shampoo &amp; Conditioner</span></a></span><span lang=""EN-GB"">, and bring your hair back to life!&nbsp; Order Pureology today, from InHealth.ie: we are Irish and deliver nationwide!</span></p>",0,0,Pureology Treatments : Discover Our Range of Pureology Masks,"[""""]",Discover our range of professional pureology treatments and pureology masks. Order online today and get next day delivery in Ireland with An Post couriers,category.html,,,,use_store_settings,"{""url"":""/Pureology-treatments-masks/"",""is_customized"":true}"
134,131,Styling,"<p style=""text-align: left;""><span lang=""EN-GB"">When it comes to Styling, you can trust Californian brand </span><a href=""%%GLOBAL_ShopPathSSL%%/pureology/""><span lang=""EN-GB"">Pureology</span></a><span lang=""EN-GB""> to bring the same level of expertise and natural approach to your hair as in any of their best-selling </span><a href=""%%GLOBAL_ShopPathSSL%%/Pureology-shampoo-conditioner/""><span lang=""EN-GB"">Pureology Shampoos &amp; Conditioners</span></a><span lang=""EN-GB"">. </span><a href=""%%GLOBAL_ShopPathSSL%%/pureology-clean-volume-instant-mist-145ml/""><span lang=""EN-GB"">Pureology Styling</span></a><span lang=""EN-GB""> products are sulphate, paraben and silicone free and 100% vegan, </span><span lang=""EN-GB"">and they deliver beautiful results to any type of hair.&nbsp;</span><span lang=""EN-US"">Take </span><span lang=""EN-US""><a href=""%%GLOBAL_ShopPathSSL%%/pureology-clean-volume-instant-mist-145ml/"">Pureology Clean Volume Instant Mist</a></span><span lang=""EN-US"">: this weightless, root-lifting mist gives colour-treated hair a light, airy fullness and also works as a heat protectant, as its formula stimulates the scalp while also protecting against heat damage.</span><span lang=""EN-US"">Pureology's exclusive </span><span lang=""EN-US""><a href=""%%GLOBAL_ShopPathSSL%%/pureology-clean-volume-mousse-241g/"">Pureology Clean Volume Mousse</a></span><span lang=""EN-US""> is the c</span><span lang=""EN-US"">onditioning volumizing mousse for fine, colour-treated hair that creates lifted, soft and shiny hair. And if your are after denser, full bodied hair, look no further than </span><span lang=""EN-US""><a href=""%%GLOBAL_ShopPathSSL%%/pureology-fullfyl-densify-spray-125ml/"">Pureology Fullfyl Densify Spray</a></span><span lang=""EN-US"">: </span><span lang=""EN-US"">its densifying formula will plump up colour-treated hair to its full potential for thicker, fuller hair! In all of Pureology&rsquo;s Styling products, the exclusive AntiFade Complex helps keep color vibrant and shiny. And if your hair is in need of some serious TLC, check out our full range of </span><span lang=""EN-US""><a href=""%%GLOBAL_ShopPathSSL%%/Pureology-treatments-masks/"">Pureology Treatments &amp; Masks</a></span><span lang=""EN-US"">! Order today from AllHair.ie, and get next day delivery from Ireland!</span></p>",0,0,Pureology Styling : Shop Our Range of Hair Styling Products,"[""""]",Discover our range of pureology professional styling products. Order your favourite styling products before 2pm & get next day delivery in Ireland with An Post,category.html,,,,use_store_settings,"{""url"":""/Pureology-styling/"",""is_customized"":true}"
135,129,Phyto,,0,6,Buy Phyto  online from AllHair.ie | next day delivery,"[""""]",Shop the Phyto Range now at AllHair.ie. Our next day delivery service will ensure you receive your product prompthly. All Orders are dispatched from our Warehouse in Bray and will be discreetly packaged to protect your privacy. Shop now,category.html,,,,use_store_settings,"{""url"":""/phyto/"",""is_customized"":false}"
136,212,OLAPLEX,,0,3,Buy OLAPLEX  online from AllHair.ie | next day delivery,"[""""]",Shop the OLAPLEX Range now at AllHair.ie. Our next day delivery service will ensure you receive your product prompthly. All Orders are dispatched from our Warehouse in Bray and will be discreetly packaged to protect your privacy. Shop now,category.html,,1,,use_store_settings,"{""url"":""/olaplex/"",""is_customized"":true}"
137,212,Nioxin,"<p style=""text-align: left;""><span lang=""EN-GB"">Nioxin is a known and trusted haircare brand specifically focused on hair loss and hair thinning: a widespread issue that affects 50% of all men and women. </span><span lang=""EN-GB"">All </span><span lang=""EN-GB"">Nioxin&rsquo;s customized technologies deliver thicker, fuller-looking hair without side effects, so you can thrive with newfound confidence. </span></p>
<p style=""text-align: left;""><span lang=""EN-GB"">Nioxin delivers a complete hair program that includes </span><a href=""%%GLOBAL_ShopPathSSL%%/Nioxin-shampoo-conditioner/""><span>Shampoos &amp; Conditioners</span></a><span lang=""EN-GB"">, </span><a href=""%%GLOBAL_ShopPathSSL%%/Nioxin-scalp-treatment/""><span>Scalp Treatments</span></a><span lang=""EN-GB""> and a comprehensive range of </span><a href=""%%GLOBAL_ShopPathSSL%%/Nioxin-system-kit/""><span>System Kits</span></a><span lang=""EN-GB""> tailored to specific hair types. These include </span><a href=""%%GLOBAL_ShopPathSSL%%/nioxin-system-kit-2-noticeably-thinning-fine/""><span>Nioxin - System Kit 2 (Noticeably Thinning, Fine)</span></a><span lang=""EN-GB"">, which amplifies hair texture while refreshing the scalp and protecting against breakage, and</span><a href=""%%GLOBAL_ShopPathSSL%%/nioxin-system-kit-4-thinning-fine-treated/""><span>Nioxin System Kit 4 (Thinning, Fine, Treated)</span></a><span lang=""EN-GB"">, designed specifically for coloured hair with progressed thinning. It will deliver deeply cleansed, denser-looking hair with restored moisture balance.</span><span lang=""EN-GB""> <br /> <br /> </span><span lang=""EN-GB"">Check out our full selection of Nioxin products right here on AllHair.ie, incuding </span><a href=""%%GLOBAL_ShopPathSSL%%/Nioxin-all-other/""><span>Treatment Masques and Intensive Boosters</span></a><span lang=""EN-GB"">. Remember to order before 2pm to get next working day delivery straight to your home!</span></p>",0,10,Nioxin : Target Thinning Hair in Women and Men,"[""""]",Nioxin has been specially formulated to target the signs of thinning hair in women and men. Buy your Nioxin products today and get next day delivery in Ireland,category.html,,1,"thinning hair, bald, hair loss",use_store_settings,"{""url"":""/nioxin/"",""is_customized"":false}"
138,137,Scalp Treatment,"<p><span lang=""EN-US"">If you are facing issues related to hair loss and thinning, you shouldn&rsquo;t entrust your haircare routine to any ordinary brand. </span><span lang=""EN-GB"">This is why at AllHair.ie we proudly stock </span><span lang=""EN-US""><a href=""%%GLOBAL_ShopPathSSL%%/nioxin/""><span lang=""EN-GB"">Nioxin</span></a></span><span lang=""EN-GB"">, the market leader with years of experience and scores of satisfied customers to prove it. In addition to </span><span lang=""EN-US""><a href=""%%GLOBAL_ShopPathSSL%%/Nioxin-shampoo-conditioner/""><span lang=""EN-GB"">Nioxin Shampoos &amp; Conditioners</span></a></span><span lang=""EN-GB"">, at AllHair.ie you will also find </span><span lang=""EN-US""><a href=""%%GLOBAL_ShopPathSSL%%/nioxin-scalp-treatment-1-100ml/""><span lang=""EN-GB"">Nioxin Scalp Treatments</span></a></span><span lang=""EN-GB""> to suit all hair types. Easy to use and fuss-free, simply apply your Nioxin Scalp Treatment directly to the scalp and gently massage the product in without rinsing. </span><span lang=""EN-US""><a href=""%%GLOBAL_ShopPathSSL%%/nioxin-scalp-treatment-2-100ml/""><span lang=""EN-GB"">Nioxin Scalp Treatment 2</span></a></span><span lang=""EN-GB""> will </span><span lang=""EN-GB"">deliver denser-looking hair and a healthy shine while protecting the scalp, as it contains antioxidants and botanicals that help to provide a refreshed scalp environment. </span><span lang=""EN-US""><a href=""%%GLOBAL_ShopPathSSL%%/nioxin-scalp-treatment-3-100ml/""><span lang=""EN-GB"">Nioxin Scalp Treatment 3</span></a></span><span lang=""EN-GB""> is designed for colored hair, while </span><span lang=""EN-US""><a href=""%%GLOBAL_ShopPathSSL%%/nioxin-scalp-treatment-4-100ml/""><span lang=""EN-GB"">Nioxin Scalp Treatment 4</span></a></span><span lang=""EN-GB""> is perfect for fine, thinning and chemically treated hair. We also stock complete </span><span lang=""EN-US""><a href=""%%GLOBAL_ShopPathSSL%%/Nioxin-system-kit/""><span lang=""EN-GB"">Nioxin System Kits</span></a></span><span lang=""EN-GB""> that each come with a Nioxin cleanser, conditioner and scalp treatment. Start taking steps to address hair thinning today: order your Nioxin scalp treatment from AllHair.ie, and have it delivered straight to your home!</span></p>",0,2,Nioxin Scalp Treament : Removes Sebum From The Scalp,"[""""]",Nioxin scalp treatment promotes regrowth of hair by removing sebum from the scalp. Order your nioxin products today and get next day delivery in Ireland,category.html,,1,,use_store_settings,"{""url"":""/Nioxin-scalp-treatment/"",""is_customized"":true}"
139,137,Shampoo & Conditioner,"<p><a href=""%%GLOBAL_ShopPathSSL%%/nioxin/""><span lang=""EN-GB"">Nioxin</span></a><span lang=""EN-GB"">is the haircare brand focused specifically on addressing issues of hair thinning and hair loss.&nbsp;Nioxin products like their best-selling </span><a href=""%%GLOBAL_ShopPathSSL%%/Nioxin-system-kit/""><span lang=""EN-GB"">System Kits</span></a><span lang=""EN-GB""> and </span><a href=""%%GLOBAL_ShopPathSSL%%/Nioxin-scalp-treatment/""><span lang=""EN-GB"">Scalp Treatments</span></a><span lang=""EN-GB""> deliver thicker, fuller-looking hair without side effects, for full confidence in your hair. To complete your haircare routine and ensure the best possible results, here at AllHair.ie you will also find a wide range of </span><a href=""%%GLOBAL_ShopPathSSL%%/nioxin-cleanser-3-300ml-shampoo/""><span lang=""EN-GB"">Nioxin Shampoos</span></a><span lang=""EN-GB""> and </span><a href=""%%GLOBAL_ShopPathSSL%%/nioxin-scalp-revitaliser-3-300ml-conditioner/""><span lang=""EN-GB"">Nioxin Conditioners</span></a><span lang=""EN-GB"">. </span><a href=""%%GLOBAL_ShopPathSSL%%/nioxin-cleanser-1-1000ml-shampoo/""><span lang=""EN-GB"">Nioxin Cleanser 1 (Shampoo)</span></a><span lang=""EN-GB""> is <span>specially formulated for light thinning, with </span></span><a href=""%%GLOBAL_ShopPathSSL%%/nioxin-cleanser-2-1000ml-shampoo/""><span lang=""EN-GB"">Nioxin Cleanser 2 (Shampoo)</span></a><span lang=""EN-GB""> for progressed thinning. Both will reduce hair loss due to breakage and strengthen the hair, while refreshing the scalp and delivering a healthy shine to natural hair. Try the matching </span><a href=""%%GLOBAL_ShopPathSSL%%/nioxin-scalp-revitaliser-1-300ml-conditioner/""><span lang=""EN-GB"">Nioxin Scalp Revitalizer 1 Conditioner</span></a><span lang=""EN-GB""> and </span><a href=""%%GLOBAL_ShopPathSSL%%/nioxin-scalp-revitaliser-2-300ml-conditioner/""><span lang=""EN-GB"">Nioxin Scalp Revitalizer 2 Conditioner</span></a><span lang=""EN-GB"">, and start enjoying denser-looking hair today! Other Nioxin Shampoos and Conditioner include </span><a href=""%%GLOBAL_ShopPathSSL%%/nioxin-cleanser-3-1000ml-shampoo/""><span lang=""EN-GB"">Nioxin Cleanser 3 for Colored Hair</span></a><span lang=""EN-GB""> and </span><a href=""%%GLOBAL_ShopPathSSL%%/nioxin-cleanser-5-1000ml-shampoo/""><span lang=""EN-GB"">Nioxin Cleanser 5 for Chemically Treated Hair</span></a><span lang=""EN-GB"">. Browse the full range and choose the perfect Nioxin Shampoo &amp; Nioxin Conditioner for your needs. Order today from AllHair.ie: we are 100% Irish and deliver nationwide!</span></p>",0,0,Nioxin Shampoo : Shop Nioxin Conditioner Products Online,"[""""]",Shop Nioxin shampoo and Nioxin conditioner product online. Order your nioxin shampoo and conditioner product today and get next day delivery in Ireland,category.html,,1,,use_store_settings,"{""url"":""/Nioxin-shampoo-conditioner/"",""is_customized"":true}"
140,137,All Other,,0,3,Buy Nioxin Other key Products online from AllHair.ie today,"[""""]",Shop the Nioxin other key products now at AllHair.ie. Our next day delivery service will ensure you receive your product prompthly. All Orders are dispatched from our Warehouse in Bray and will be discreetly packaged to protect your privacy,category.html,,1,,use_store_settings,"{""url"":""/Nioxin-all-other/"",""is_customized"":true}"
141,137,System Kit,"<p style=""text-align: left;""><span lang=""EN-GB"">Looking for a solution to hair loss and thinning? You have come to the right place. At AllHair.ie we are proud to stock </span><span lang=""EN-US""><a href=""%%GLOBAL_ShopPathSSL%%/nioxin/""><span lang=""EN-GB"">Nioxin</span></a></span><span lang=""EN-GB"">, the worldwide leader in haircare specifically dedicated to addressing these issues. Discover the </span><span lang=""EN-US""><a href=""%%GLOBAL_ShopPathSSL%%/nioxin-system-kit-1-normal-to-thin-hair/""><span lang=""EN-GB"">Nioxin System</span></a></span><span lang=""EN-GB"">: <span>the multi award winning 3-step system designed to optimise scalp and hair health, tailored to the specific needs of your hair. </span>Like </span><span lang=""EN-US""><a href=""%%GLOBAL_ShopPathSSL%%/nioxin-system-kit-2-noticeably-thinning-fine/""><span lang=""EN-GB"">Nioxin System Kit 2</span></a></span><span lang=""EN-GB"">, designed for noticeably thinning and fine hair. The kit, which contains</span><span lang=""EN-US""> Cleanser 2 Shampoo, Scalp Revitalizer Conditioner and Nioxin Scalp &amp; Hair Treatment SPF15, will a</span><span lang=""EN-GB"">mplify hair texture while refreshing the scalp and delivering a healthy shine and protecting against breakage. </span><span lang=""EN-US""><a href=""%%GLOBAL_ShopPathSSL%%/nioxin-system-kit-3-normal-thin-treated/""><span lang=""EN-GB"">Nioxin System Kit 3</span></a></span><span lang=""EN-GB""> specifically addresses normal to thin, fine, chemically treated hair. Hair is amplified in texture as moisture balance is restored, scalp is refreshed and shine is restored to your coloured locks. Progressed thinning? </span><span lang=""EN-US""><a href=""%%GLOBAL_ShopPathSSL%%/nioxin-system-kit-4-thinning-fine-treated/""><span lang=""EN-GB"">Nioxin System 4</span></a></span><span lang=""EN-GB""> will deliver thicker, fuller-looking hair while providing deep conditioning and color protection. Browse our full Nioxin range that also includes </span><span lang=""EN-US""><a href=""%%GLOBAL_ShopPathSSL%%/Nioxin-shampoo-conditioner/""><span lang=""EN-GB"">Nioxin Shampoos &amp; Conditioners</span></a></span><span lang=""EN-GB"">, and order yours online today!</span></p>",0,1,Nioxin Systems : Shop Nioxin System 2 and Nioxin System 3,"[""""]",Nioxin hair care systems are designed to improve the appearance of thinning hair. Order your nioxin system kit today and get next day delivery in Ireland,category.html,,1,,use_store_settings,"{""url"":""/Nioxin-system-kit/"",""is_customized"":true}"
142,212,Moroccanoil,"<p>Moroccanoil started its brand journey from a single, revolutionary product: the now iconic and multi-award winner&nbsp;<a href=""%%GLOBAL_ShopPathSSL%%/moroccanoil-treatment-oil-125ml-special/"">Moroccanoil Treatment Oil</a>. Did you know that it was originally developed by brand co-founder Carmen Tal to restore her own hair to health, after a hair colouring service gone wrong? Moroccanoil has since expanded to offer an exciting range of <a href=""%%GLOBAL_ShopPathSSL%%/Moroccanoil-shampoo-conditioner/"">Shampoos &amp; Conditioners</a> to suit all hair types, <a href=""%%GLOBAL_ShopPathSSL%%/Moroccanoil-treatments-masks/"">Treatments &amp; Hair Masks</a> and even <a href=""%%GLOBAL_ShopPathSSL%%/Moroccanoil-styling/"">Styling</a>. All Moroccanoil products are infused with the brand&rsquo;s signature antioxidant-rich Argan oil and aim to restore health and shine to all types of hair.</p>
<p>In addition to haircare, Moroccanoil now also offers a luxurious <a href=""%%GLOBAL_ShopPathSSL%%/body-range/"">Body Range</a>: try the divinely scented <a href=""%%GLOBAL_ShopPathSSL%%/moroccanoil-body-pure-argan-oil-50ml/"">Moroccanoil Body Pure Argan Oil</a> - it will instantly transport you to a relaxing beachside Spa! And for your actual holidays, we have a brilliant range of <a href=""%%GLOBAL_ShopPathSSL%%/Moroccanoil-travel-size/"">Moroccanoil Travel Sizes</a> for all hair needs.</p>
<p>At AllHair.ie we deliver nationwide: order before 2pm and receive your delivery the next working day!</p>",0,1,Moroccanoil : Invigorating Haircare Products With Argan Oil,"[""""]",Shop Moroccanoil professional hair care products and invigorate you hair with the benefits of argan oil. Order today and get next day delivery in Ireland,category.html,,1,,use_store_settings,"{""url"":""/moroccanoil/"",""is_customized"":false}"
143,142,Styling,"<p style=""text-align: left;""><span lang=""EN-GB"">You have cleansed and nourished your hair with </span><a href=""%%GLOBAL_ShopPathSSL%%/Moroccanoil-shampoo-conditioner/""><span lang=""EN-GB"">Moroccanoil Shampoos &amp; Conditioners</span></a><span lang=""EN-GB"">, and now you&rsquo;re ready to have some fun with your hair. Well, you&rsquo;ve come to the right place! Here at AllHair.ie you will find a huge range of Moroccanoil Styling products to deliver any contemporary hairstyle you may have in mind with ease! All the tools you need are here, including </span><a href=""%%GLOBAL_ShopPathSSL%%/moroccanoil-luminous-hairspray-strong-hold-330ml/""><span lang=""EN-GB"">Moroccan oil Hairspray</span></a><span lang=""EN-GB"">, </span><a href=""%%GLOBAL_ShopPathSSL%%/moroccanoil-beach-wave-mousse-175ml/""><span lang=""EN-GB"">Moroccan oil Mousse</span></a><span lang=""EN-GB""> and so much more! From </span><a href=""%%GLOBAL_ShopPathSSL%%/moroccanoil-dry-texture-spray-205ml/""><span lang=""EN-GB"">Moroccanoil Dry Texture Spray</span></a><span lang=""EN-GB""> for effortless, undone styles and </span><a href=""%%GLOBAL_ShopPathSSL%%/moroccanoil-root-boost-250ml/""><span lang=""EN-GB"">Moroccanoil Root Boost</span></a><span lang=""EN-GB""> for volume and lift, to the sleekness of </span><a href=""%%GLOBAL_ShopPathSSL%%/moroccanoil-glimmer-shine-spray-100ml/""><span lang=""EN-GB"">Moroccanoil Glimmer Shine Spray</span></a><span lang=""EN-GB""> and the defined curls of </span><a href=""%%GLOBAL_ShopPathSSL%%/moroccanoil-curl-defining-cream-250ml-free-gift/""><span lang=""EN-GB"">Moroccanoil Curl Defining Cream</span></a><span lang=""EN-GB"">, you will find every kind of product for every type of hair. Not only that: we also stock styling tools like the ceramic </span><a href=""%%GLOBAL_ShopPathSSL%%/moroccanoil-large-barrel-brush/""><span lang=""EN-GB"">Moroccanoil Large Barrel Brush</span></a><span lang=""EN-GB""> with ionic properties, for the perfect blow dry! Choose the Moroccanoil styling product to achieve your perfect look, and order today from AllHair.ie: we are 100% Irish and will deliver nationwide!</span></p>",0,1,Moroccan Oil Hairspray : Shop Moroccan Oil Mousse Products,"[""""]",Shop our range of moroccan oil hairspray and moroccan oil mousse styling products. Order today before 2pm and get ext day delivery direct from Ireland,category.html,,1,,use_store_settings,"{""url"":""/Moroccanoil-styling/"",""is_customized"":true}"
144,142,Treatments & Masks,"<p style=""text-align: left;""><span lang=""EN-US"">The moisturizing and nourishing properties of Argan Oil have been a key feature of all products from </span><a href=""%%GLOBAL_ShopPathSSL%%/moroccanoil/""><span>Moroccanoil</span></a><span lang=""EN-US""> from the very beginning. No surprise then that, in addition to their wonderful </span><a href=""%%GLOBAL_ShopPathSSL%%/Moroccanoil-shampoo-conditioner/""><span>Moroccanoil Shampoos &amp; Conditioners</span></a><span lang=""EN-US"">, Moroccanoil has also put this miraculous ingredient to use in the development of a fabulous range of Hair Treatments &amp; Masks for all hair types!</span></p>
<p style=""text-align: left;""><span lang=""EN-US"">For hair in need of deep repair and conditioning, </span><a href=""%%GLOBAL_ShopPathSSL%%/moroccanoil-intense-hydrating-mask-250ml/""><span>Moroccanoil Intense Hydrating Mask</span></a><span lang=""EN-US""> is the perfect 5-minute miracle: a high-performance, rich and creamy conditioner that will restore elasticity and manageability in no time. To restore scalp imbalances and relieve itchiness, Moroccan oil has developed </span><a href=""%%GLOBAL_ShopPathSSL%%/moroccanoil-dry-scalp-treatment-45ml/""><span>Moroccanoil Dry Scalp Treatment</span></a><span lang=""EN-US"">: just a couple of drops before shampooing will provide relief for tight scalps sensitive to coloring or hair extensions. And to keep your hair in top condition daily, essentials like </span><a href=""%%GLOBAL_ShopPathSSL%%/moroccanoil-blow-dry-concentrate-50ml/""><span>Moroccanoil Blow Dry Concentrate</span></a><span lang=""EN-US""> and </span><a href=""%%GLOBAL_ShopPathSSL%%/moroccanoil-light-treatment-oil-100ml/""><span>Moroccanoil Light Treatment Oil</span></a><span lang=""EN-US""> will</span><span lang=""EN-GB"">&nbsp;fortify and beautify hair, improving elasticity, moisturising strands, and shielding your hair against harmful stressors,&nbsp;like heat styling.</span></p>
<p style=""text-align: left;""><span lang=""EN-GB""> Order your </span><span lang=""EN-US""><a href=""%%GLOBAL_ShopPathSSL%%/moroccanoil-light-treatment-oil-25ml/""><span lang=""EN-GB"">Moroccanoil Treatment</span></a></span><span lang=""EN-GB""> or </span><span lang=""EN-US""><a href=""%%GLOBAL_ShopPathSSL%%/moroccanoil-restorative-hair-mask-250ml/""><span lang=""EN-GB"">Moroccanoil Hair Mask</span></a></span><span lang=""EN-GB""> today from AllHair.ie and get it delivered straight to your home!</span></p>",0,2,Moroccanoil Treatment : Shop Moroccan Oil Hair Mask Online,"[""""]",Shop our range of moroccanoil treatment and moroccan oil hair mask product. Give your hair a treat and order today and get next day delivery direct from Ireland,category.html,,1,,use_store_settings,"{""url"":""/Moroccanoil-treatments-masks/"",""is_customized"":true}"
145,193,Gift Ideas,<p>Shop at our fantastic gift section and explore the best gifts from the brands you love today</p>,0,1,Buy Travel Size Bottles from the Haircare brands you love,"[""""]","Shop now for the best Travel Size Bottles. We also sell the Gift sets perfect for Birthdays, Christmas etc-. Check out the full range and order today to receive our next day delivery in Ireland. Orders are shipped from our warehouse in Bray .",category.html,,1,,use_store_settings,"{""url"":""/gift-ideas/"",""is_customized"":false}"
146,145,Gift,,0,0,Shop our Gift Section for presents today from AllHair.ie,"[""""]",Looking for a gift idea or just a gift? Need it in a hurry? Check our  full range of gift products from the brands you love. AllHair.ie will quickly dispatch your order for next day delivery. Orders are packed in our warehouse Bray County Wicklow.,category.html,,1,,use_store_settings,"{""url"":""/gift/"",""is_customized"":false}"
147,142,Travel Size,"<p><span lang=""EN-GB"">Moroccanoil Travel Sizes are perfect for when you are out and about - be this on a weekend away, on a long haul flight or on holiday abroad. And if you are new to the brand, they are also ideal for trying out a few </span><a href=""%%GLOBAL_ShopPathSSL%%/moroccanoil/""><span>Moroccanoil</span></a><span lang=""EN-GB""> products you might not have experienced before!</span></p>
<p><span lang=""EN-GB"">All of Moroccanoil greatest hits are here, available in travel size: </span><span lang=""EN-US""><a href=""%%GLOBAL_ShopPathSSL%%/moroccanoil-intense-curl-cream-travel-size-75ml/""><span lang=""EN-GB"">Moroccanoil Intense Curl Cream Travel Size</span></a></span><span lang=""EN-GB""> and </span><span lang=""EN-US""><a href=""%%GLOBAL_ShopPathSSL%%/moroccanoil-curl-defining-cream-travel-size-75ml/""><span lang=""EN-GB"">Moroccanoil Curl Defining Cream Travel Size</span></a></span><span lang=""EN-GB""> for curl-defining precision and conditioning, </span><span lang=""EN-US""><a href=""%%GLOBAL_ShopPathSSL%%/moroccanoil-intense-hydrating-mask-travel-size-75ml/""><span lang=""EN-GB"">Moroccanoil Intense Hydrating Mask Travel Size</span></a></span><span lang=""EN-GB""> and </span><span lang=""EN-US""><a href=""%%GLOBAL_ShopPathSSL%%/moroccanoil-hydrating-mask-light-travel-size-75ml/""><span lang=""EN-GB"">Moroccanoil Hydrating Mask Light Travel Size</span></a></span><span lang=""EN-GB"">, essential hair nourishment for sunshine and beach holidays, not forgetting of course </span><span lang=""EN-US""><a href=""%%GLOBAL_ShopPathSSL%%/Moroccanoil-styling/""><span lang=""EN-GB"">Moroccanoil Styling</span></a></span><span lang=""EN-GB""> minis like </span><span lang=""EN-US""><a href=""%%GLOBAL_ShopPathSSL%%/moroccanoil-luminous-hairspray-medium-hold-travel-size-75ml/""><span lang=""EN-GB"">Moroccanoil Luminous Hairspray Medium</span></a></span><span lang=""EN-GB""> and </span><span lang=""EN-US""><a href=""%%GLOBAL_ShopPathSSL%%/moroccanoil-hydrating-style-cream-travel-size-75ml/""><span lang=""EN-GB"">Moroccanoil Hydrating Style Cream</span></a></span><span lang=""EN-GB""> for beautiful styles wherever you are! Moroccanoil has also developed some gorgeous Travel Sets complete with practical travel bags, focused around specific hair needs: </span><span lang=""EN-US""><a href=""%%GLOBAL_ShopPathSSL%%/moroccanoil-travel-essentials-hydrate/""><span lang=""EN-GB"">Moroccanoil Travel Essentials Hydrate</span></a></span><span lang=""EN-GB""> or </span><span lang=""EN-US""><a href=""%%GLOBAL_ShopPathSSL%%/moroccanoil-travel-essentials-repair/""><span lang=""EN-GB"">Moroccanoil Travel Essentials Repair</span></a></span><span lang=""EN-GB"">. So what are you waiting for? Start packing for your next holiday now! Order your Moroccanoil travel sizes today, from AllHair.ie!&nbsp;</span></p>",0,4,Moroccan Oil Travel Sizes Online Direct From Ireland,"[""""]",Moroccan oil travel sizes are the perfect way to continue to enjoy the benefits of your favourite hair care products when you are on the go or holidays,category.html,,1,,use_store_settings,"{""url"":""/Moroccanoil-travel-size/"",""is_customized"":true}"
148,145,Travel,,0,0,Shop our Travel Section | Shop  Travel SizesNow AllHair.ie,"[""""]",Travelling and don’t want to bring the big bottles? No problem check out our travel range for the products you love. Travel Sizes for perfect for carryon bags or just in the bag as you go. Shop the full range and we will deliver to you next day.,category.html,,1,,use_store_settings,"{""url"":""/travel/"",""is_customized"":false}"
149,142,Shampoo & Conditioner,"<p style=""text-align: left;""><span lang=""EN-US""><a href=""%%GLOBAL_ShopPathSSL%%/moroccanoil-brand-page/""><span>Moroccanoil</span></a></span><span lang=""EN-US""> is a brand known and loved worldwide for its iconic and multi-award winner&nbsp;</span><span lang=""EN-US""><a href=""%%GLOBAL_ShopPathSSL%%/moroccanoil-treatment-oil-125ml-special/""><span>Moroccanoil Treatment Oil</span></a></span><span lang=""EN-US"">. But did you know that Moroccanoil offers also an exciting range of </span><span lang=""EN-US""><a href=""%%GLOBAL_ShopPathSSL%%/moroccanoil-hydrating-shampoo-250ml/""><span>Moroccan oil Shampoos</span></a></span><span lang=""EN-US"">, </span><span lang=""EN-US""><a href=""%%GLOBAL_ShopPathSSL%%/moroccanoil-moisture-repair-conditioner-250ml/""><span>Moroccan oil Conditioners</span></a></span><span lang=""EN-US""> and other hair treatments, all infused with its trademark nourishing Argan Oil? The best part is, you can find them all right here on AllHair.ie! Some of our highlights include the handy set </span><span lang=""EN-US""><a href=""%%GLOBAL_ShopPathSSL%%/moroccanoil-hydrating-shampoo-and-conditioner-500ml/""><span>Moroccanoil Hydrating Shampoo &amp; Conditioner</span></a></span><span lang=""EN-US"">,</span><span lang=""EN-GB""> designed to infuse dehydrated hair with healthy nutrients and to leave hair nourished, cleansed and moisturised. For weakened hair in need of deep nourishment, the duo </span><span lang=""EN-US""><a href=""%%GLOBAL_ShopPathSSL%%/moroccanoil-moisture-repair-shampoo-conditioner-500/""><span lang=""EN-GB"">Moroccanoil Moisture Repair Shampoo &amp; Conditioner</span></a></span><span lang=""EN-GB"">is the reparative blend that will improve your hair&rsquo;s overall health, leaving it noticeably shiny, soft and nourished. In need of a great dry shampoo? Moroccanoil offers it in two shades, </span><span lang=""EN-US""><a href=""%%GLOBAL_ShopPathSSL%%/moroccanoil-dry-shampoo-light-tones-205ml/""><span lang=""EN-GB"">Moroccanoil Dry Shampoo Light Tones</span></a></span><span lang=""EN-GB""> as well as </span><span lang=""EN-US""><a href=""%%GLOBAL_ShopPathSSL%%/moroccanoil-dry-shampoo-dark-tones-205ml/""><span lang=""EN-GB"">Moroccanoil Dry Shampoo Dark Tones</span></a></span><span lang=""EN-GB"">. With lots more shampoos &amp; conditioners for all hair needs, including handy </span><span lang=""EN-US""><a href=""%%GLOBAL_ShopPathSSL%%/moroccanoil-love-is-in-the-hair-hydrating-set/""><span lang=""EN-GB"">Moroccanoil travel sets</span></a></span><span lang=""EN-GB"">, you are sure to find the perfect Moroccanoil shampoo &amp; conditioner combo for your needs. Order yours today!</span></p>",0,0,Moroccan Oil Shampoo : Shop Moroccan Oil Conditioner Online,"[""""]",Shop Moroccan oil shampoo and moroccan oil conditioner professional hair care products online. Order today and get next day delivery direct from Ireland,category.html,,1,,use_store_settings,"{""url"":""/Moroccanoil-shampoo-conditioner/"",""is_customized"":true}"
150,212,Joico,"<p style=""text-align: left;"">With its professional hairdressing background, Joico knows what we put our hair through with frequent colouring, heat styling and other chemical treatments. Here at AllHair.ie you will find a wide range of <a href=""%%GLOBAL_ShopPathSSL%%/Joico-shampoo-conditioner/"">Joico Shampoos &amp; Conditioners</a> as well as <a href=""%%GLOBAL_ShopPathSSL%%/Joico-treatments-masks/"">Treatments &amp; Masks</a> designed specifically for treated hair. <span lang=""EN-US"">Blonde Life is Joico&rsquo;s dedicated haircare line for blondes, who more than most are subject to frequent touch ups, bleaching and toning: try the nourishing, brightening and sulphate-free </span><a href=""%%GLOBAL_ShopPathSSL%%/joico-blonde-life-brightening-shampoo-300ml/""><span>Joico</span> Blonde Life Brightening Shampoo</a><span lang=""EN-US""> and the</span> matching <a href=""%%GLOBAL_ShopPathSSL%%/joico-blonde-life-brightening-conditioner-250ml/"">Joico Blonde Life Brightening Conditioner</a>.</p>
<p style=""text-align: left;""><span lang=""EN-US"">But Joico is also about </span><a href=""%%GLOBAL_ShopPathSSL%%/Joico-styling/""><span>Styling</span></a><span lang=""EN-US""> fun, with a selection of hairsprays, mousses and smoothing balms for all hair types. </span></p>
<p style=""text-align: left;"">Joico haircare products consistently deliver, and proof is in its growing celebrity following that includes Kourtney Kardashian, a big fan of the Joico K-Pak range. <a href=""%%GLOBAL_ShopPathSSL%%/joico-k-pak-revitaluxe-treatment-150ml/"">Try Joico K-Pak Revitaluxe Treatment</a> for yourself by ordering online today here on AllHair.ie. We are an Irish owned company!</p>",0,2,Joico : Professional Hair Care Products for Healthy Hair,"[""""]",Joico is a professional hair care brand that mission is to bring joi to healthy hair. Shop the full Joico range and get next day delivery direct from Ireland,category.html,,1,,use_store_settings,"{""url"":""/joico/"",""is_customized"":false}"
151,150,Styling,"<p style=""text-align: left;""><span lang=""EN-US""><a href=""%%GLOBAL_ShopPathSSL%%/joico-brand-page/""><span lang=""EN-GB"">Joico</span></a></span><span lang=""EN-GB""> knows hair: and this is true not only for their revitalizing, caring </span><span lang=""EN-US""><a href=""%%GLOBAL_ShopPathSSL%%/Joico-shampoo-conditioner/""><span lang=""EN-GB"">Joico Shampoos &amp; Conditioners</span></a></span><span lang=""EN-GB"">, but also for their range of effective and affordable Joico Styling products. Like </span><span lang=""EN-US""><a href=""%%GLOBAL_ShopPathSSL%%/joico-structure-glamtex-150ml/""><span lang=""EN-GB"">Joico Structure Glamtex</span></a></span><span lang=""EN-GB"">, the<span> new-generation texturizing spray that delivers all the glam of a backcomb with little time or effort. Joico Structure Glamtex provides instant volume, dramatic height and grip whilst leaving your hair gorgeously scented! Joico Mousse </span></span><span lang=""EN-US""><a href=""%%GLOBAL_ShopPathSSL%%/joico-body-luxe-root-lift-volumising-foam-6-voc-300ml/""><span lang=""EN-GB"">Joico Body Luxe Root Lift Volumizing Foam</span></a></span><span lang=""EN-GB""> is a medium-weight, alcohol-free styling foam that lifts and adds height at the roots while supporting your hair from scalp to ends.&nbsp;And for hair in need of some serious TLC, the Joico K-Pak styling range includes the </span><span lang=""EN-US""><a href=""%%GLOBAL_ShopPathSSL%%/joico-k-pak-intense-hydrator-250ml/""><span lang=""EN-GB"">Joico K-Pak Intense Hydrator</span></a></span><span lang=""EN-GB""> for frizzy hair that needs moisture, and the </span><span lang=""EN-US""><a href=""%%GLOBAL_ShopPathSSL%%/joico-k-pak-liquid-reconstructor-300ml/""><span lang=""EN-GB"">Joico K-Pak Liquid Reconstructor</span></a></span><span lang=""EN-GB""> in liquid formula providing support for fine, fragile hair. A final spritz of </span><span lang=""EN-US""><a href=""%%GLOBAL_ShopPathSSL%%/joico-style-finish-hair-shake-150ml/""><span lang=""EN-GB"">Joico Style &amp; Finish Hair Shake</span></a></span><span lang=""EN-GB"">, and you&rsquo;ll be good to go! From Joico Hairsprays to Joico gels, find all your favourites on AllHair.ie - order today and get them delivered straight to your home!</span></p>",0,0,Joico Styling : Joico Mousse and Joico Hair Spray,"[""""]",Shop our fantastic range of Joico styling products including our range of joico mousse and joico hair spray products. Order today and get next day delivery,category.html,,1,,use_store_settings,"{""url"":""/Joico-styling/"",""is_customized"":true}"
152,150,Treatments & Masks,"<p style=""text-align: left;""><span lang=""EN-US"">Does your hair feel parched and in need of some serious hydration? Is it brittle, lacking shine, dull-looking? It might be time to introduce a specific nourishing treatment to your haircare routine. With </span><span lang=""EN-US""><a href=""%%GLOBAL_ShopPathSSL%%/joico-brand-page/""><span>Joico</span></a></span><span lang=""EN-US""> you are in good hands: Joico knows just what we put our hair through, and how to restore it to its best condition. </span><span lang=""EN-US""><a href=""%%GLOBAL_ShopPathSSL%%/joico-k-pak-revitaluxe-treatment-150ml/""><span>J</span><span lang=""EN-GB"">oico k-Pak Revitaluxe Treatment</span></a></span><span lang=""EN-GB""> is a luxurious restorative hair treatment that will nourish and repair damaged hair. Your locks will be protected from future damage caused by heat styling and environmental aggressors and your hair will be left 2x more resistant to breakage, with colour fade also protected by 94%. Short on time? 5 minutes is all you need for </span><span lang=""EN-US""><a href=""%%GLOBAL_ShopPathSSL%%/joico-moisture-recovery-treatment-balm-for-thick-coarse-dry-hair-250ml/""><span lang=""EN-GB"">Joico Moisture Recovery Treatment Balm for Thick/ Coarse Dry Hair</span></a></span><span lang=""EN-GB""> to come to the rescue, increasing hair strength and reducing breakage by up to 80%. And for fine hair, </span><span lang=""EN-US""><a href=""%%GLOBAL_ShopPathSSL%%/joico-body-luxe-volumizing-elixir-200ml/""><span lang=""EN-GB"">Joico Body Luxe Volumizing Elixir</span></a></span><span lang=""EN-GB""> is the Joico treatment that will dramatically transform your fine, limp strands into luxuriously thick hair with noticeably increased body and volume. At AllHair.ie we also stock a huge range of </span><span lang=""EN-US""><a href=""%%GLOBAL_ShopPathSSL%%/Joico-shampoo-conditioner/""><span lang=""EN-GB"">Joico Shampoos &amp; Conditioners</span></a></span><span lang=""EN-GB""> for you to order from the comfort of your home. Order today!</span></p>",0,0,Joico Treatment : Buy Hair Care Treatment Products Online,"[""""]",Revitalise your hair with our fantastic range of joico professional hair care treatment products. Order today and get next day delivery direct from Ireland,category.html,,1,,use_store_settings,"{""url"":""/Joico-treatments-masks/"",""is_customized"":true}"
153,150,Shampoo & Conditioner,"<p style=""text-align: left;""><a href=""%%GLOBAL_ShopPathSSL%%/joico/""><span>Joico</span></a><span lang=""EN-US""> is a haircare brand born out of the professional salon environment: this is why you can trust its deep knowledge of hair and its ability to restore it to its optimal strength and health.&nbsp;</span><span lang=""EN-US"">Here at AllHair.ie you will find a wide range of </span><a href=""%%GLOBAL_ShopPathSSL%%/joico-k-pak-chelating-clarify-shampoo-300ml/"">Joico Shampoos</a><span lang=""EN-US""> &amp; </span><a href=""%%GLOBAL_ShopPathSSL%%/joico-k-pak-conditioner-300ml/"">Joico Conditioners</a><span lang=""EN-US""> to suit all hair types. </span><a href=""%%GLOBAL_ShopPathSSL%%/joico-moisture-recovery-shampoo-300ml/""><span lang=""EN-GB"">Joico Moisture Recovery Shampoo</span></a><span lang=""EN-GB""> is perfect for&nbsp;dry-to-extremely-dry strands: its rich formula will restore smoothness and elasticity.</span><span lang=""EN-GB""> For b</span><span lang=""EN-US"">londe hair faced with aggressive bleaching and toning sessions, Joico has developed Blonde Life, a dedicated range that includes </span><a href=""%%GLOBAL_ShopPathSSL%%/joico-blonde-life-brightening-shampoo-300ml/"">Joico Blonde Life Brightening Shampoo</a><span lang=""EN-US""> (brightening and sulphate-free) </span><span lang=""EN-US"">and the matching </span><a href=""%%GLOBAL_ShopPathSSL%%/joico-blonde-life-brightening-conditioner-250ml/"">Joico Blonde Life Brightening Conditioner</a><span lang=""EN-US"">. Not a blonde, but still looking for a Joico Shampoo to protect your color against fading? Look no further than </span><a href=""%%GLOBAL_ShopPathSSL%%/joico-color-endure-shampoo-for-long-lasting-color-300ml/"">Joico Color Endure Shampoo for Long Lasting Color</a><span lang=""EN-US""> with matching </span><a href=""%%GLOBAL_ShopPathSSL%%/joico-colour-endure-conditioner-for-long-lasting-colour-300ml/"">Joico Color Endure Conditioner for Long Lasting Color</a><span lang=""EN-US"">, to do just that. And for hair that needs additional body and volume, </span><a href=""%%GLOBAL_ShopPathSSL%%/joico-body-luxe-thickening-shampoo-300ml/"">Joico Body Luxe Thickening Shampoo</a><span lang=""EN-US""> and </span><a href=""%%GLOBAL_ShopPathSSL%%/joico-body-luxe-thickening-conditioner-300ml/"">Joico Body Luxe Thickening Conditioner</a><span lang=""EN-US"">, with Oat Protein Complex, will add thickness to every strand without weighing the hair down.</span></p>
<p style=""text-align: left;""><span lang=""EN-US"">Joico consistently delivers: order your matching Joico Shampoo &amp; Conditioner online today!</span></p>",0,0,Joico Shampoo : Buy Joico Conditioner Online in Ireland,"[""""]",Clean and condition your hair with the joico shampoo and conditioners range. Order your Joico shampoo today and get next day delivery direct from Ireland,category.html,,1,,use_store_settings,"{""url"":""/Joico-shampoo-conditioner/"",""is_customized"":true}"
155,129,COLOR WOW,"<p style=""text-align: left;"">Don&rsquo;t you just dread that moment in between salon visits, when roots start showing but it&rsquo;s just too early for a return visit? Thank goodness for Color Wow and its easy to use, practical Color Wow Root Cover Up range.</p>
<p style=""text-align: left;"">The award-winning Color Wow Root Cover Up formula is water-resistant, finely milled and free from waxes, dyes and ammonia. It also comes in its own handy compact with a mirror - perfect for touch-ups on the go.</p>
<p style=""text-align: left;"">Here at AllHair.ie you will find a great selection of Color Wow Root Cover Up shades to suit all hair colors, such as <a href=""%%GLOBAL_ShopPathSSL%%/color-wow-root-cover-up-dark-brown/"">Color Wow Root Cover Up &ndash; Dark Brown</a> for brunettes <a href=""%%GLOBAL_ShopPathSSL%%/color-wow-root-cover-up-blonde/"">or Color Wow Root Cover Up &ndash; Blonde</a> for blonde or highlighted hair.</p>
<p style=""text-align: left;"">Also check out the <a href=""%%GLOBAL_ShopPathSSL%%/color-wow-colour-security-conditioner-normal-thick-250ml/"">Color Wow Color Security Conditioner</a> to preserve your color&rsquo;s vibrancy and shine!</p>
<p style=""text-align: left;"">AllHair.ie is Irish-owned and we deliver nationwide from our warehouse in County Wicklow.</p>",0,4,Buy COLOR WOW Products online from AllHair.ie today,"[""""]",Shop the COLOR WOW Range now at AllHair.ie. Our next day delivery service will ensure you receive your product prompthly. All Orders are dispatched from our Warehouse in Bray and will be discreetly packaged to protect your privacy,category.html,,,,use_store_settings,"{""url"":""/color-wow/"",""is_customized"":false}"
156,129,Carin,,0,3,Buy Carin  online from AllHair.ie | next day delivery,"[""""]",Shop the Carin Range now at AllHair.ie. Our next day delivery service will ensure you receive your product prompthly. All Orders are dispatched from our Warehouse in Bray and will be discreetly packaged to protect your privacy. Shop now,category.html,,,,use_store_settings,"{""url"":""/carin/"",""is_customized"":false}"
157,129,Aurora,,0,2,Aurora | Buy Aurora Hair Products  Online at AllHair.ie,"[""""]",Shop the Aurora Range now at AllHair.ie. Our next day delivery service will ensure you receive your product prompthly. All Orders are dispatched from our Warehouse in Bray and will be discreetly packaged to protect your privacy. Shop now,category.html,,,,use_store_settings,"{""url"":""/aurora/"",""is_customized"":false}"
159,212,Alfaparf,"<p>Alfaparf&nbsp;Milano is an Italian premium haircare brand with over 35 years&rsquo; experience, known and trusted worldwide for its salon-quality products that address specific haircare needs.</p>
<p>Alfaparf&nbsp;Semi Di Lino is the bestselling range that features the iconic&nbsp;<a href=""%%GLOBAL_ShopPathSSL%%/alfaparf-semi-di-lino-diamond-illuminating-shampoo-250ml/"">Alfaparf Semi Di Lino Illuminating Shampoo</a>, for a stunningly glossy finish, and the king of all&nbsp;<a href=""%%GLOBAL_ShopPathSSL%%/Alfaparf-hair-oils/"">Alfaparf Hair Oils</a>:&nbsp;<a href=""%%GLOBAL_ShopPathSSL%%/alfaparf-semi-di-lino-diamond-crystalli-liquidi-50ml/"">Alfaparf SDL Diamond Cristalli Liquidi</a>, the instantly illuminating and nourishing serum for all hair types.&nbsp;</p>
<p><a href=""%%GLOBAL_ShopPathSSL%%/Alfaparf-shampoo-conditioner/"">Alfaparf&rsquo;s Shampoos &amp; Conditioners</a>&nbsp;will cleanse and purify, nourish dry hair and even combat hair loss. To complete your haircare routine, you will find a matching&nbsp;<a href=""%%GLOBAL_ShopPathSSL%%/Alfaparf-treatments-masks/"">Alfaparf Treatments &amp; Masks</a>&nbsp;in each range. And to have fun with your look,&nbsp;<a href=""%%GLOBAL_ShopPathSSL%%/Alfaparf-styling/"">Alfaparf&rsquo;s Styling</a>&nbsp;range is second to none: from&nbsp;<a href=""%%GLOBAL_ShopPathSSL%%/alfaparf-style-stories-blow-dry-cream-150ml/"">Alfaparf blow dry creams</a>&nbsp;to&nbsp;<a href=""%%GLOBAL_ShopPathSSL%%/alfaparf-style-stories-sea-spray-150ml/"">Alfaparf sea salt sprays</a>, you will find everything you need here at AllHair.ie!</p>
<p>Order your favourite Alfaparf product online today: we deliver nationwide from our warehouse in Co. Wicklow!</p>",0,0,Alfaparf : Shop Alfaparf Milano and Alfaparf Semi Di Lino ,"[""""]",Alfaparf Milano is a leading professional Italian hair brand. Buy your alfaparf semi di lino products today and get next day delivery everywhere in Ireland,category.html,,1,alfa,use_store_settings,"{""url"":""/alfaparf/"",""is_customized"":false}"
160,159,Shampoo & Conditioner,"<p style=""text-align: left;""><a href=""%%GLOBAL_ShopPathSSL%%/alfaparf/""><span lang=""EN-IE"">Alfaparf</span></a><span>&nbsp;is the premium haircare brand made in Italy, loved</span><span> around the world for its high quality ingredients and lines addressing specific haircare needs. Here at AllHair.ie you will find a wide selection of salon-quality Alfaparf Milano shampoos &amp; conditioners as well as </span><a href=""%%GLOBAL_ShopPathSSL%%/Alfaparf-styling/""><span>Alfaparf Styling</span></a><span lang=""EN-US""> products at affordable prices.&nbsp;Sensitive scalp? Alfaparf has got you covered, with Alfaparf Shampoo </span><a href=""%%GLOBAL_ShopPathSSL%%/alfaparf-semi-di-lino-scalp-purify-shampoo-250ml/""><span>Alfaparf SDL Scalp Purify Shampoo</span></a><span lang=""EN-US""> to soothe the scalp, reduce itching and leave hair beautifully shiny. Follow up with </span><a href=""%%GLOBAL_ShopPathSSL%%/alfaparf-semi-di-lino-moisture-nutritive-leave-in-conditioner-200ml/""><span>Alfaparf Conditioner Alfaparf SDL Moisture Nutritive Leave-In Conditioner</span></a><span lang=""EN-US""> from the best-selling Semi di Lino range: it will </span><span lang=""EN-GB"">nourish your hair, weightlessly replenishing it with vital nutrients. This Alfaparf conditioner is also free from sulphates, parabens and any harmful ingredients, and enriched with Linseed extract. </span></p>
<p style=""text-align: left;""><span lang=""EN-GB"">At AllHair.ie we also stock Alfaparf shampoos and conditioners for colored and treated hair, like </span><span lang=""EN-US""><a href=""%%GLOBAL_ShopPathSSL%%/alfaparf-semi-di-lino-reconstruction-reparative-low-shampoo-250ml/""><span lang=""EN-GB"">Alfaparf Low Shampoo</span></a></span><span lang=""EN-GB""> to preserve color intensity, and </span><span lang=""EN-US""><a href=""%%GLOBAL_ShopPathSSL%%/alfaparf-thats-it-never-brass-shampoo-250ml/""><span lang=""EN-GB"">Alfaparf That&rsquo;s It Never Brass Shampoo</span></a></span><span lang=""EN-GB"">, a pigmented shampoo for cool blondes to neutralize unwanted tones. Browse our full selection of Alfaparf haircare products, all available to order online from the comfort of your home! Order today before 2pm and get next day delivery in Ireland!</span></p>",0,1,Alfaparf Shampoo : Buy Alfaparf Conditioner Online in Ireland,"[""""]",Allhair Ireland stock the full range of alfaparf shampoo and conditioners. Order your alfaparf shampoo products today and get next day delivery in Ireland,category.html,,1,,use_store_settings,"{""url"":""/Alfaparf-shampoo-conditioner/"",""is_customized"":true}"
161,159,Styling,"<p style=""text-align: left;""><span lang=""EN-US"">Italian luxury haircare brand </span><span lang=""EN-US""><a href=""%%GLOBAL_ShopPathSSL%%/alfaparf/""><span>Alfaparf</span></a></span><span lang=""EN-US""> is known and loved worldwide for its high quality, premium </span><span lang=""EN-US""><a href=""%%GLOBAL_ShopPathSSL%%/Alfaparf-shampoo-conditioner/""><span>Alfaparf shampoos &amp; conditioners</span></a></span><span lang=""EN-US"">. But did you know they also offer a wide range of Alfaparf Styling products to achieve great looks and mirror-like shine? From </span><span lang=""EN-US""><a href=""%%GLOBAL_ShopPathSSL%%/alfaparf-semi-di-lino-diamond-crystal-spray-125ml/""><span>Alfaparf Semi di Lino Diamond Crystal Spray</span></a></span><span lang=""EN-US"">, to add shine and softness without weighing hair down, to </span><span lang=""EN-US""><a href=""%%GLOBAL_ShopPathSSL%%/alfaparf-style-stories-blow-dry-cream-150ml/""><span>Alfaparf Style Stories Blow Dry Cream</span></a></span><span lang=""EN-US"">, for fighting frizz and making drying easier and quicker, at AllHair.ie you will find the perfect Alfaparf product to suit your hairstyling routine. Need hold? Choose between </span><span lang=""EN-US""><a href=""%%GLOBAL_ShopPathSSL%%/alfaparf-style-stories-original-hairspray-500ml/""><span>Alfaparf Style Stories Original Hairspray</span></a></span><span lang=""EN-US""> and </span><span lang=""EN-US""><a href=""%%GLOBAL_ShopPathSSL%%/alfaparf-style-stories-extreme-hairspray-500ml/""><span>Alfaparf Style Stories Extreme Hairspray</span></a></span><span lang=""EN-US"">. Curly hair will love </span><span lang=""EN-US""><a href=""%%GLOBAL_ShopPathSSL%%/alfaparf-style-stories-twisted-curls-100ml/""><span>Alfaparf Style Stories Twisted Curls</span></a></span><span lang=""EN-US"">, the curl cream with medium hold for definition and body that will also tame flyaways. For grungy, matte styles, </span><span lang=""EN-US""><a href=""%%GLOBAL_ShopPathSSL%%/alfaparf-s4u-vintage-matt-talc-10g/""><span>Alfaparf Style Stories Vintage Powder</span></a></span><span lang=""EN-US""> will create volume and shape for both short and medium styles. And for the perfect finishing touch, </span><span lang=""EN-US""><a href=""%%GLOBAL_ShopPathSSL%%/alfaparf-semi-di-lino-sublime-water-50ml/""><span>Alfaparf Semi di Lino Sublime Water</span></a></span><span lang=""EN-US"">: a </span><span lang=""EN-GB"">perfumed water for body and hair. Its delicate and feminine notes will also enhance brilliance for a dazzling color</span><span lang=""EN-US"">. Have fun with your hair: shop Alfaparf online today and get next day delivery in Ireland when you order before 2pm!</span></p>",0,4,Alfaparf Styling : Shop Our Range of Styling Products Online,"[""""]",Alfaparf professional styling products are unbeatable when it comes to quality and price. Order now and get next day delivery from our warehouse in Ireland,category.html,,1,,use_store_settings,"{""url"":""/Alfaparf-styling/"",""is_customized"":true}"
162,159,Hair Oils,"<p style=""text-align: left;""><span lang=""EN-US"">For those times when your hair might be under particular stress and suffering from dryness, using an Alfaparf Hair Oil after your </span><span lang=""EN-US""><a href=""%%GLOBAL_ShopPathSSL%%/Alfaparf-shampoo-conditioner/""><span>Alfaparf Shampoo &amp; Conditioner</span></a></span><span lang=""EN-US""> routine will do wonders by adding instant manageability, conditioning and shine. Alfaparf Hair Oils - like the illuminating, Linseed-enriched </span><span lang=""EN-US""><a href=""%%GLOBAL_ShopPathSSL%%/alfaparf-semi-di-lino-diamond-crystalli-liquidi-50ml/""><span>Alfaparf SDL Diamond Crystalli Liquidi</span></a></span><span lang=""EN-US""> - are easy to use: all you need is a couple of drops for instant results! At AllHair.ie you will also find the </span><span lang=""EN-US""><a href=""%%GLOBAL_ShopPathSSL%%/alfaparf-semi-di-lino-sublime-illuminating-essential-oils-12-13ml/""><span>Alfaparf SDL Sublime Illuminating Essential Oils</span></a></span><span lang=""EN-US""> set of 12, suitable for all hair types. It </span><span lang=""EN-GB"">will deliver unparalleled glow, close cuticles and replenish hair fibers. Alfaparf SDL Sublime Illuminating Essential Oils also has UV filters and antioxidants to protect your hair color against fading. </span><span lang=""EN-US""><a href=""%%GLOBAL_ShopPathSSL%%/alfaparf-semi-di-lino-sublime-illuminating-shine-lotion-12-13ml/""><span lang=""EN-GB"">Alfaparf SDL Sublime Illuminating Shine Lotion</span></a></span><span lang=""EN-GB""> also comes in a handy set of 12 and contains Vitamin Complex (A, E and F). High in anti-oxidants, this hair oil will provide intense revitalizing therapy for the hair fibre, making the hair elastic and restoring its natural lustre.&nbsp;Order your favourite Alfaparf Hair Oil today before 2pm and get next day delivery in Ireland!</span></p>",0,3,Alfaparf Hair Oils : Professional Italian Hair Oil Products,"[""""]",Why not give your hair a treat and shop our range of quality Italian hair oil products. Order now and get next day delivery direct from our warehouse in Ireland,category.html,,1,,use_store_settings,"{""url"":""/Alfaparf-hair-oils/"",""is_customized"":true}"
163,159,Treatments & Masks,"<p style=""text-align: left;""><span lang=""EN-US"">We often ask of our hair more than we really should: frequent heat styling sessions like straightening and blow-drying, bleaching, coloring &ndash; the list goes on. The result? Dryness, split ends, breakage, and all the softness of straw! This is why it is important to incorporate specific conditioning Treatments &amp; Masks a part of our weekly haircare routine. Here at AllHair.ie you will find a fabulous selection of </span><span lang=""EN-US""><a href=""%%GLOBAL_ShopPathSSL%%/alfaparf-semi-di-lino-diamond-extraordinary-all-in1-fluid-125ml/""><span>Alfaparf Treatments</span></a></span><span lang=""EN-US""> and </span><span lang=""EN-US""><a href=""%%GLOBAL_ShopPathSSL%%/alfaparf-semi-di-lino-moisture-nutritive-mask-200ml/""><span>Alfaparf Masks</span></a></span><span lang=""EN-US""> to suit all hair types and tackle any issues. For weak and damaged hair, </span><span lang=""EN-US""><a href=""%%GLOBAL_ShopPathSSL%%/alfaparf-semi-di-lino-anti-breakage-daily-fluid-125ml/""><span>Alfaparf Anti-Breakage Daily Fluid</span></a></span><span lang=""EN-US""> is the leave-in conditioner that will protect your hair on a daily basis, sealing in your cuticles to prevent split ends. </span><span lang=""EN-US""><a href=""%%GLOBAL_ShopPathSSL%%/alfaparf-semi-di-lino-reconstruction-reparative-mask-200ml/""><span>Alfaparf SDL Reconstruction Reparative Mask</span></a></span><span lang=""EN-US""> will strengthen, restructure and add moisture to hair whilst also protecting its color intensity. And for fine hair with a tendency to hair loss, </span><span lang=""EN-US""><a href=""%%GLOBAL_ShopPathSSL%%/alfaparf-scalp-care-energising-lotion-for-hair-loss-12x10ml/""><span>Alfaparf Scalp Care Energising Lotion (for Hair Loss)</span></a></span><span lang=""EN-US""> will <span>activate &amp; revitalize the environment of the follicle so that hair appears fuller, bouncier &amp; healthier looking. Complete your haircare routine with a matching </span></span><span lang=""EN-US""><a href=""%%GLOBAL_ShopPathSSL%%/Alfaparf-shampoo-conditioner/""><span>Alfaparf Shampoo &amp; Conditioner</span></a></span><span lang=""EN-US"">, and start seeing results today! Order now from AllHair.ie!</span></p>",0,2,Alfaparf Treatments : Shop Alfaparf Masks Online,"[""""]",Shop our extensive range of professional alfaparf treatments and alfaparf masks. Order today and get next day delivery direct from our warehouse in Ireland,category.html,,1,,use_store_settings,"{""url"":""/Alfaparf-treatments-masks/"",""is_customized"":true}"
164,212,Actyva,"<p style=""text-align: left;""><span lang=""EN-US"">Hailing from the beautiful Umbrian countryside in Italy, Actyva by Kemon is a brand that expertly combines nature and innovation, bringing together the functionality of science and the gentleness of natural ingredients.</span></p>
<p style=""text-align: left;""><span lang=""EN-US"">Right here at AllHair.ie you will find a complete range of Actyva Hair products, starting from their famous </span><a href=""%%GLOBAL_ShopPathSSL%%/Actyva-shampoo-conditioner/""><span>Actyva Shampoos &amp; Conditioners</span></a><span lang=""EN-US"">, tailored to target specific hair issues such as </span><a href=""%%GLOBAL_ShopPathSSL%%/actyva-volume-corposita-shampoo-250ml/""><span>volume</span></a><span lang=""EN-US"">, </span><a href=""%%GLOBAL_ShopPathSSL%%/actyva-colore-brillante-shampoo-250ml/""><span>color protection</span></a><span lang=""EN-US"">, </span><a href=""%%GLOBAL_ShopPathSSL%%/actyva-nuova-fibra-shampoo-damaged-hair-250ml/""><span>hair damage</span></a><span lang=""EN-US""> and </span><a href=""%%GLOBAL_ShopPathSSL%%/actyva-p-factor-hair-loss-shampoo-250ml/""><span>hair loss</span></a><span lang=""EN-US"">. </span></p>
<p style=""text-align: left;""><span lang=""EN-US"">If your hair needs a nourishing treat, we also stock </span><a href=""%%GLOBAL_ShopPathSSL%%/Actyva-treatments-masks/""><span>Actyva Treatments &amp; Masks</span></a><span lang=""EN-US""> as well as luscious </span><a href=""%%GLOBAL_ShopPathSSL%%/Actyva-hair-oils/""><span>Actyva Hair Oils</span></a><span lang=""EN-US""> like the </span><a href=""%%GLOBAL_ShopPathSSL%%/actyva-bellessere-oil-125ml/""><span>Actyva Bellessere Oil</span></a><span lang=""EN-US"">: this nectar for hair will fight frizz and add shine without weighing the hair down. </span><a href=""%%GLOBAL_ShopPathSSL%%/Actyva-styling/""><span>Styling</span></a><span lang=""EN-US""> is covered too, with </span><a href=""%%GLOBAL_ShopPathSSL%%/actyva-volume-corposita-spray-150ml/""><span>Actyva Volume Corposit&agrave; Spray</span></a><span lang=""EN-US""> for building body and volume with no nasties. Oh, and did we mention that Actyva is a proudly vegan brand? </span></p>
<p style=""text-align: left;"">Try Actyva today at BeautyFeatures.ie and order with confidence: we deliver nationwide from our warehouse in Co. Wicklow!</p>",0,8,Actyva | Buy Kemon Hair Products online Online at AllHair.ie,"[""""]",Buy Actyva products online now from AllHair.ie who are Ireland's official retailer. Actyva is a sub brand from Kemons. We supply Kemons hair products online and delivered next day throughout Ireland. All orders are fully tracked and traced.,category.html,,1,,use_store_settings,"{""url"":""/actyva/"",""is_customized"":false}"
165,164,Styling,,0,1,Actyva Styling | Buy Kemon Actyva Online at AllHair.ie,"[""""]",Shop all the new and existing products from our Actyva Styling Range.Kemon Actyva deliver the highest quaility products with there innovative team. Order now for next day delivery throughout Ireland. Orders are dispatched from our warehouse in Bray.,category.html,,1,,use_store_settings,"{""url"":""/Actyva-styling/"",""is_customized"":true}"
166,164,Shampoo & Conditioner,,0,0,Actyva Shampoo & Conditioner | Buy Kemon Hair Products,"[""""]","Shop the exciting Actyva Shampoo and Conditioner Range, Kemon Actyva is a household name for all professinol hair dressers, now we bring this exclusively to you! Buy today have it delivered tomorrow throughout Ireland from AllHair.ie.",category.html,,1,,use_store_settings,"{""url"":""/Actyva-shampoo-conditioner/"",""is_customized"":true}"
167,164,Treatments & Masks,,0,2,Buy Actyva Treatments & Masks online from AllHair.ie,"[""""]",Shop the Actyva Treatments & Masks Range now at AllHair.ie. Our next day delivery service will ensure you receive your product prompthly. All Orders are dispatched from our Warehouse in Bray and will be discreetly packaged to protect your privacy,category.html,,1,,use_store_settings,"{""url"":""/Actyva-treatments-masks/"",""is_customized"":true}"
168,164,Hair Oils,,0,3,Buy Actyva Hair Oils Products online from AllHair.ie today,"[""""]",Shop the Actyva Hair Oils Range now at AllHair.ie. Our next day delivery service will ensure you receive your product prompthly. All Orders are dispatched from our Warehouse in Bray and will be discreetly packaged to protect your privacy,category.html,,1,,use_store_settings,"{""url"":""/Actyva-hair-oils/"",""is_customized"":true}"
170,0,Hair Type,,0,12,Shop by Hair Type today at Allhair.ie. Next Day Delivery,"[""""]",Shopping made easy by AllHair.ie.All the products you love segmented by hair type to ensure you can access the products you need quickly. Allhair.ie,category.html,,1,,use_store_settings,"{""url"":""/hair-type/"",""is_customized"":false}"
171,170,Dry,"<p style=""text-align: left;""><span lang=""EN-GB"">There are many reasons why hair can feel dry and dull, including excessive styling, sunshine and saltwater, chlorine &ndash; even bad diet and stress can contribute. To restore your hair back to its natural bounce, shine and manageability, you might need a helping hand. This is why we have gathered here some of the best haircare products on the market, all developed specifically with dry hair in mind. Start with a specific </span><span lang=""EN-US""><a href=""%%GLOBAL_ShopPathSSL%%/alfaparf-semi-di-lino-moisture-nutritive-shampoo-250ml/""><span lang=""EN-GB"">Shampoo for Dry hair</span></a></span><span lang=""EN-GB"">, such as </span><span lang=""EN-US""><a href=""%%GLOBAL_ShopPathSSL%%/alfaparf-semi-di-lino-moisture-nutritive-shampoo-250ml/""><span lang=""EN-GB"">Alfaparf SDL Moisture Nutritive Shampoo</span></a></span><span lang=""EN-GB""> &ndash; the cue&rsquo;s in the name! Follow up with </span><span lang=""EN-US""><a href=""%%GLOBAL_ShopPathSSL%%/alfaparf-semi-di-lino-moisture-nutritive-leave-in-conditioner-200ml/""><span lang=""EN-GB"">Alfaparf&nbsp; SDL Moisture Nutritive Leave-In Conditioner</span></a></span><span lang=""EN-GB"">: lightweight and replenishing, it doesn&rsquo;t even need rinsing out! Perfect for busy days. Once a week at least, consider a deeply nourishing treatment like </span><span lang=""EN-US""><a href=""%%GLOBAL_ShopPathSSL%%/alfaparf-semi-di-lino-moisture-nutritive-mask-200ml/""><span lang=""EN-GB"">Alfaparf SDL Moisture Nutritive Mask</span></a></span><span lang=""EN-GB"">: in just 5 minutes it will smooth the hair fibre with healthy omegas and fatty acids, derived from Linseed Extract. When it&rsquo;s time to style your hair, use a specific detangling product like </span><span lang=""EN-US""><a href=""%%GLOBAL_ShopPathSSL%%/alfaparf-semi-di-lino-moisture-nutritive-detangling-fluid-125ml/""><span lang=""EN-GB"">Alfaparf SDL Moisture Nutritive Detangling Fluid</span></a></span><span lang=""EN-GB"">. Explore our full selection of haircare products for dry hair, including the iconic </span><span lang=""EN-US""><a href=""%%GLOBAL_ShopPathSSL%%/moroccanoil-intense-hydrating-mask-250ml/""><span lang=""EN-GB"">Moroccanoil</span></a></span><span lang=""EN-GB"">, </span><span lang=""EN-US""><a href=""%%GLOBAL_ShopPathSSL%%/joico-moisture-recovery-shampoo-300ml/""><span lang=""EN-GB"">Joico Moisture Recovery</span></a></span><span lang=""EN-GB""> and </span><span lang=""EN-US""><a href=""%%GLOBAL_ShopPathSSL%%/actyva-nuova-fibra-mask-200ml/""><span lang=""EN-GB"">Actyva Nuova Fibra</span></a></span><span lang=""EN-GB""> ranges. Order today, from AllHair.ie: we offer next day delivery when you order before 2pm!</span></p>",0,6,Shop Professional Shampoo and Conditioner for Dry Hair,"[""""]","Discover our range of shampoo, conditioners and hair care treatments specially designed to enhance dry hair. Order today and get next day delivery in Ireland",category.html,,1,,use_store_settings,"{""url"":""/dry/"",""is_customized"":false}"
172,170,Normal,,0,13,Shop by Hair Type Normal today at Allhair.ie. Fast Delivery,"[""""]",Shopping made easy by AllHair.ie Have you got  Normal Hair? Check out our full range of products now. Avail of our next day delivery service.,category.html,,1,,use_store_settings,"{""url"":""/normal/"",""is_customized"":false}"
173,170,Styling,,0,16,Shop by Hair Type Styling today at Allhair.ie. Fast Delivery,"[""""]",Shopping made easy by AllHair.ie Have you got  Styling Hair? Check out our full range of products now. Avail of our next day delivery service.,category.html,,1,,use_store_settings,"{""url"":""/styling/"",""is_customized"":false}"
174,170,Fine,,0,8,Shop by Hair Type Fine today at Allhair.ie. Fast Delivery,"[""""]",Shopping made easy by AllHair.ie Have you got  Fine Hair? Check out our full range of products now. Avail of our next day delivery service.,category.html,,1,,use_store_settings,"{""url"":""/fine/"",""is_customized"":false}"
175,170,Frizz,,0,9,Shop by Hair Type Frizz today at Allhair.ie. Fast Delivery,"[""""]",Shopping made easy by AllHair.ie Have you got  Frizz Hair? Check out our full range of products now. Avail of our next day delivery service.,category.html,,1,,use_store_settings,"{""url"":""/frizz/"",""is_customized"":false}"
176,170,Damaged,"<p style=""text-align: left;""><span lang=""EN-GB"">Frequent trips to the salon combined with daily heat styling can wreak havoc on your hair. If your hair is currently damaged and in need of some TLC, here at AllHair.ie you will find at your fingertips some of the best revitalizing hair products available on the market. Start by choosing a specific cleansing product designed to restructure damaged hair, like </span><a href=""%%GLOBAL_ShopPathSSL%%/alfaparf-semi-di-lino-reconstruction-reparative-low-shampoo-250ml/""><span lang=""EN-GB"">Alfaparf SDL Reconstruction Reparative Low Shampoo</span></a><span lang=""EN-GB"">. Match your </span><a href=""%%GLOBAL_ShopPathSSL%%/alfaparf-lisse-design-keratin-therapy-maintenance-shampoo-250ml/""><span lang=""EN-GB"">Shampoo for Damaged Hair</span></a><span lang=""EN-GB""> with a Conditioner like </span><a href=""%%GLOBAL_ShopPathSSL%%/alfaparf-lisse-design-keratin-therapy-maintenance-conditioner-250ml/""><span lang=""EN-GB"">Alfaparf Lisse Design Keratin Therapy Maintenance Conditioner</span></a><span lang=""EN-GB""> or </span><a href=""%%GLOBAL_ShopPathSSL%%/joico-k-pak-conditioner-for-damaged-hair-300ml/""><span lang=""EN-GB"">Joico K-Pak Conditioner for Damaged Hair</span></a><span lang=""EN-GB""> for best results. When hair is damaged and brittle, deep conditioning is absolutely essential: choose from </span><a href=""%%GLOBAL_ShopPathSSL%%/alfaparf-semi-di-lino-reconstruction-reparative-mask-200ml/""><span lang=""EN-GB"">Alfaparf SDL Reconstruction Reparative Mask</span></a><span lang=""EN-GB"">, which will <span>preserve up to 91% of colour intensity after 9 washes, or use a handy leave-in conditioner like </span></span><a href=""%%GLOBAL_ShopPathSSL%%/alfaparf-semi-di-lino-anti-breakage-daily-fluid-125ml/""><span lang=""EN-GB"">Alfaparf SDL Anti-Breakage Daily Fluid</span></a><span lang=""EN-GB"">, which will seal your cuticles with a hydrating barrier. If your hair suffers from extreme dryness, consider using a Reparative Lotion like </span><a href=""%%GLOBAL_ShopPathSSL%%/alfaparf-semi-di-lino-reconstruction-reparative-lotion-6-13ml/""><span lang=""EN-GB"">Alfparf SDL Reconstruction Reparative Lotion</span></a><span lang=""EN-GB"">. From </span><a href=""%%GLOBAL_ShopPathSSL%%/olaplex-no-3-hair-perfector-100ml/""><span lang=""EN-GB"">Olaplex Hair Perfector</span></a><span lang=""EN-GB""> to </span><a href=""%%GLOBAL_ShopPathSSL%%/joico-k-pak-conditioner-for-damaged-hair-300ml/""><span lang=""EN-GB"">Joico K-Pak Revitaluxe Treatment </span></a><span lang=""EN-GB"">, you will find the perfect product to bring your hair back to life! Order today, from AllHair.ie!</span></p>",0,5,Shop Professional Shampoo and Conditioner for Damaged Hair,"[""""]",Shop our range of professional shampoo and conditioner hair care products for damaged hair. Order today and get next day delivery direct from Ireland,category.html,,1,,use_store_settings,"{""url"":""/damaged/"",""is_customized"":false}"
177,170,Blond,"<p style=""text-align: left;""><span lang=""EN-US"">Whether you were born with blond hair or achieved your gorgeous locks through bleaching and toning sessions, you know your color needs care and protection to avoid dullness or the dreaded brassiness. Choosing a </span><span lang=""EN-US""><a href=""%%GLOBAL_ShopPathSSL%%/joico-blonde-life-brightening-shampoo-300ml/""><span>Shampoo for Blonde hair</span></a></span><span lang=""EN-US""> and matching it with a </span><span lang=""EN-US""><a href=""%%GLOBAL_ShopPathSSL%%/joico-blonde-life-brightening-conditioner-250ml/""><span>Conditioner for Blonde Hair</span></a></span><span lang=""EN-US""> should be a no-brainer. Here at AllHair.ie you can choose among many tone-enhancing and brass-neutralizing shampoos from some of the best brands on the market, to suit all shades of blonde - from platinum to warm: </span><span lang=""EN-US""><a href=""%%GLOBAL_ShopPathSSL%%/alfaparf-thats-it-never-brass-shampoo-250ml/""><span>Alfaparf That&rsquo;s It Never Brass Shampoo</span></a></span><span lang=""EN-US"">, </span><span lang=""EN-US""><a href=""%%GLOBAL_ShopPathSSL%%/joico-blonde-life-brightening-shampoo-300ml/""><span>Joico Blonde Life Brightening Shampoo</span></a></span><span lang=""EN-US"">, </span><span lang=""EN-US""><a href=""%%GLOBAL_ShopPathSSL%%/redken-colour-extend-blondage-shampoo-300ml/""><span>Redken Colour Extend Blondage Shampoo</span></a></span><span lang=""EN-US""> or </span><span lang=""EN-US""><a href=""%%GLOBAL_ShopPathSSL%%/pureology-pure-platinum-shampoo-250ml/""><span>Pureology Pure Platinum Shampoo</span></a></span><span lang=""EN-US"">, all available with matching </span><span lang=""EN-US""><a href=""%%GLOBAL_ShopPathSSL%%/joico-blonde-life-brightening-conditioner-250ml/""><span>Conditioners</span></a></span><span lang=""EN-US"">. Or try </span><span lang=""EN-US""><a href=""%%GLOBAL_ShopPathSSL%%/moroccanoil-refreshing-essentials-light-tones/""><span>Moroccanoil Refreshing Essentials Light Tones</span></a></span><span lang=""EN-US"">, </span><span lang=""EN-GB"">with its subtle violet undertones to help balance brassiness and bring out the best light tones in your color. Finish with a </span><span lang=""EN-US""><a href=""%%GLOBAL_ShopPathSSL%%/moroccanoil-light-treatment-oil-125ml/""><span lang=""EN-GB"">hair treatment for blonde hair</span></a></span><span lang=""EN-GB""> to keep your hair soft and manageable: just a couple of drops of the nourishing but feather-light </span><span lang=""EN-US""><a href=""%%GLOBAL_ShopPathSSL%%/moroccanoil-light-treatment-oil-125ml/""><span lang=""EN-GB"">Moroccanoil Light Treatment Oil</span></a></span><span lang=""EN-GB""> (designed for fine and fair hair), will do the trick. And with </span><span lang=""EN-US""><a href=""%%GLOBAL_ShopPathSSL%%/joico-blonde-life-summer-kit-2019/""><span lang=""EN-GB"">Blonde Life Travel Miniatures</span></a></span><span lang=""EN-GB""> also available, you can be sure to look salon-fresh wherever you are! Order your blond hair essentials today, from AllHair.ie!</span></p>",0,1,Shop Shampoo & Conditioner Hair Products For Blond Hair,"[""""]","Dicover our range of shampoo, conditioners and haircare treatments specially designed to brighten blond hair. Order today and get next day delivery in Ireland",category.html,,1,,use_store_settings,"{""url"":""/blond/"",""is_customized"":false}"
178,170,Hair Loss or Thinning,,0,11,Shop by Hair Type Hair Loss or Thinning today at Allhair.ie,"[""""]",Shopping made easy by AllHair.ie Have you got  Hair Loss or Thinning Hair? Check out our full range of products now. Avail of our next day delivery service.,category.html,,1,,use_store_settings,"{""url"":""/hair-loss-or-thinning/"",""is_customized"":false}"
179,170,All Hair Types,"<p style=""text-align: left;""><span lang=""EN-GB"">At AllHair.ie you can find all the latest haircare products (from </span><span lang=""EN-US""><a href=""%%GLOBAL_ShopPathSSL%%/alfaparf-semi-di-lino-diamond-illuminating-shampoo-250ml/""><span lang=""EN-GB"">shampoos</span></a></span><span lang=""EN-GB""> and </span><span lang=""EN-US""><a href=""%%GLOBAL_ShopPathSSL%%/alfaparf-semi-di-lino-diamond-illuminating-conditioner-200ml/""><span lang=""EN-GB"">conditioners</span></a></span><span lang=""EN-GB""> to </span><span lang=""EN-US""><a href=""%%GLOBAL_ShopPathSSL%%/alfaparf-semi-di-lino-diamond-illuminating-mask-200ml/""><span lang=""EN-GB"">masks</span></a></span><span lang=""EN-GB""> and </span><span lang=""EN-US""><a href=""%%GLOBAL_ShopPathSSL%%/actyva-bellessere-oil-125ml/""><span lang=""EN-GB"">treatments</span></a></span><span lang=""EN-GB"">) that are taking the beauty world by storm. Whether you are looking for a </span><span lang=""EN-US""><a href=""%%GLOBAL_ShopPathSSL%%/alfaparf-semi-di-lino-scalp-purify-shampoo-250ml/""><span lang=""EN-GB"">shampoo for all hair types</span></a></span><span lang=""EN-GB"">, a </span><span lang=""EN-US""><a href=""%%GLOBAL_ShopPathSSL%%/alfaparf-semi-di-lino-diamond-illuminating-conditioner-200ml/""><span lang=""EN-GB"">conditioner for all hair types</span></a></span><span lang=""EN-GB""> or a styling product that will work no matter the condition or style of your hair, you have come to the right place! Here at AllHair.ie you can find a wide range of products to suit all hair types: from the illuminating glow of </span><span lang=""EN-US""><a href=""%%GLOBAL_ShopPathSSL%%/alfaparf-semi-di-lino-diamond-crystalli-liquidi-50ml/""><span lang=""EN-GB"">Alfaparf SDL Diamond Crystalli Liquidi</span></a></span><span lang=""EN-GB""> to the Argan-oil infused hold of the </span><span lang=""EN-US""><a href=""%%GLOBAL_ShopPathSSL%%/moroccanoil-dry-texture-spray-205ml/""><span lang=""EN-GB"">Moroccanoil Dry Texture Spray</span></a></span><span lang=""EN-GB""> and beyond. On this page we have curated a great range of haircare products from the world&rsquo;s top brands (including our latest crushes, </span><span lang=""EN-US""><a href=""%%GLOBAL_ShopPathSSL%%/actyva-by-kemon/""><span lang=""EN-GB"">Actyva</span></a></span><span lang=""EN-GB""> and </span><span lang=""EN-US""><a href=""%%GLOBAL_ShopPathSSL%%/nak/""><span lang=""EN-GB"">NAK</span></a></span><span lang=""EN-GB"">!) that we are sure you will love. And because they are suitable for all hair types, you know you can order with confidence! Order online today, from AllHair.ie!</span></p>",0,0,Shop Our Range of Shampoo Hair Products For All Hair Types,"[""""]",Shop our range of shampoo and conditioners hair products suitable for all hair types. Order today and get next day delivery direct from our warehouse in Ireland,category.html,,1,,use_store_settings,"{""url"":""/all-hair-types/"",""is_customized"":false}"
180,170,Oily,,0,14,Shop by Hair Type Oily today at Allhair.ie. Fast Delivery,"[""""]",Shopping made easy by AllHair.ie Have you got  Oily Hair? Check out our full range of products now. Avail of our next day delivery service.,category.html,,1,,use_store_settings,"{""url"":""/oily/"",""is_customized"":false}"
181,170,Curly,,0,4,Shop by Hair Type Curly today at Allhair.ie. Fast Delivery,"[""""]",Shopping made easy by AllHair.ie Have you got  Curly Hair? Check out our full range of products now. Avail of our next day delivery service.,category.html,,1,,use_store_settings,"{""url"":""/curly/"",""is_customized"":false}"
182,170,Dry Shampoo,,0,7,Shop by Hair Type Dry Shampoo today at Allhair.ie. ,"[""""]",Shopping made easy by AllHair.ie Have you got  Dry Shampoo Hair? Check out our full range of products now. Avail of our next day delivery service.,category.html,,,,use_store_settings,"{""url"":""/dry-shampoo/"",""is_customized"":false}"
183,170,Clarifying,,0,2,Shop by Hair Type Clarifying today at Allhair.ie. ,"[""""]",Shopping made easy by AllHair.ie Have you got  Clarifying Hair? Check out our full range of products now. Avail of our next day delivery service.,category.html,,1,,use_store_settings,"{""url"":""/clarifying/"",""is_customized"":false}"
184,170,Coloured,"<p style=""text-align: left;""><span lang=""EN-US"">Here at AllHair.ie we know how much time, care and attention you invest in your hair colour every month. To ensure your favourite shade is as beautiful wash after wash, we have selected for you some of our favourite </span><span lang=""EN-US""><a href=""%%GLOBAL_ShopPathSSL%%/joico-k-pak-color-therapy-shampoo-300ml/""><span>shampoos for coloured hair</span></a></span><span lang=""EN-US"">, </span><span lang=""EN-US""><a href=""%%GLOBAL_ShopPathSSL%%/joico-k-pak-color-therapy-conditioner-300ml/""><span>conditioners for coloured hair</span></a></span><span lang=""EN-US""> and </span><span lang=""EN-US""><a href=""%%GLOBAL_ShopPathSSL%%/actyva-colore-brillante-mask-200ml/""><span>color-enhancing hair masks</span></a></span><span lang=""EN-US"">. Start with a specific pre-shampoo like </span><span lang=""EN-US""><a href=""%%GLOBAL_ShopPathSSL%%/joico-lustre-locklustre-lock-140ml-pre-shampoo/""><span>Joico Lustre LockLustre Lock Pre-Shampoo</span></a></span><span lang=""EN-US""> to </span><span lang=""EN-US"">seal each individual fibre to lock in moisture and colour whilst protecting from heat damage. Follow up your haircare routine with a shampoo and conditioner duo specifically designed to work together to protect hair color from fade: so many to choose from, including </span><span lang=""EN-US""><a href=""%%GLOBAL_ShopPathSSL%%/joico-k-pak-color-therapy-shampoo-300ml/""><span>Joico K-Pak Color Therapy Shampoo</span></a></span><span lang=""EN-US""> and </span><span lang=""EN-US""><a href=""%%GLOBAL_ShopPathSSL%%/joico-k-pak-color-therapy-conditioner-300ml/""><span>Joico K-Pak Color Therapy Conditioner</span></a></span><span lang=""EN-US"">, </span><span lang=""EN-US""><a href=""%%GLOBAL_ShopPathSSL%%/actyva-colore-brillante-shampoo-250ml/""><span>Actyva Colore Brillante Shampoo</span></a></span><span lang=""EN-US""> and </span><span lang=""EN-US""><a href=""%%GLOBAL_ShopPathSSL%%/actyva-colore-brillante-cream-150ml/""><span>Actyva Colore Brillante Cream</span></a></span><span lang=""EN-US"">, or </span><span lang=""EN-US""><a href=""%%GLOBAL_ShopPathSSL%%/joico-color-endure-shampoo-for-long-lasting-color-300ml/""><span>Joico Color Endure Shampoo for Lasting Color</span></a></span><span lang=""EN-US""> with </span><span lang=""EN-US""><a href=""%%GLOBAL_ShopPathSSL%%/joico-colour-endure-conditioner-for-long-lasting-colour-300ml/""><span>Joico Color Endure Conditioner for Lasting Color Conditioner</span></a></span><span lang=""EN-US"">. We also stock </span><span lang=""EN-US""><a href=""%%GLOBAL_ShopPathSSL%%/olaplex-brand-page/""><span>Olaplex</span></a></span><span lang=""EN-US"">, to continue your salon treatment at home. Finish up with a luscious hair mask treatment weekly, like </span><span lang=""EN-US""><a href=""%%GLOBAL_ShopPathSSL%%/phyto-phytomillesime-mask-200ml/""><span>Phyto Phytomillesime Mask</span></a></span><span lang=""EN-US"">, to regularly nourish your hair and prevent any breakage or split ends. Tailor your haircare routine to the needs of your coloured hair, and start reaping the benefits: order today, from AllHair.ie!</span></p>",0,3,Shop Shampoo and Other Haircare Products for Coloured Hair,"[""""]",Discover our range of shampoo & haircare products designed to be used on coloured hair. Order today & get next day delivery direct from our warehouse in Ireland,category.html,,1,,use_store_settings,"{""url"":""/coloured/"",""is_customized"":false}"
185,170,Root Cover Up,,0,15,Shop by Hair Type Root Cover Up today at Allhair.ie,"[""""]",Shopping made easy by AllHair.ie Have you got  Root Cover Up Hair? Check out our full range of products now. Avail of our next day delivery service.,category.html,,1,,use_store_settings,"{""url"":""/root-cover-up/"",""is_customized"":false}"
186,170,Grey Hair,,0,10,Shop by Hair Type Grey Hair today at Allhair.ie. Irish owned,"[""""]",Shopping made easy by AllHair.ie Have you got  Grey Hair ? Check out our full range of products now. Avail of our next day delivery service.,category.html,,1,,use_store_settings,"{""url"":""/grey-hair/"",""is_customized"":false}"
187,142,Body Range,"<p><a href=""%%GLOBAL_ShopPathSSL%%/moroccanoil/""><span>Moroccanoil</span></a><span lang=""EN-US""> is known and loved for its fabulous hair products &ndash; from moisturizing and protective </span><a href=""%%GLOBAL_ShopPathSSL%%/Moroccanoil-shampoo-conditioner/""><span>Moroccanoil Shampoos &amp; Conditioners</span></a><span lang=""EN-US""> to deeply nourishing </span><a href=""%%GLOBAL_ShopPathSSL%%/Moroccanoil-treatments-masks/""><span>Moroccanoil Treatments &amp; Masks</span></a><span lang=""EN-US"">. But did you know that Moroccanoil also offers a body range? </span><a href=""%%GLOBAL_ShopPathSSL%%/moroccanoil-body-pure-argan-oil-50ml/""><span lang=""EN-GB"">Moroccanoil Body Pure Argan Oil</span></a><span lang=""EN-GB""> is pure moisturizing goodness&hellip;bottled! </span><span lang=""EN-US"">Rich in Vitamin E, essential fatty acids and antioxidants yet non-greasy, Moroccanoil Pure Argan Oil can be used on your skin, nails or hair for</span><span lang=""EN-GB""> multiple conditioning and moisturising benefits. A little goes a long way, making this product a great buy.</span></p>
<p><span lang=""EN-GB"">For that summer holiday feeling, </span><a href=""%%GLOBAL_ShopPathSSL%%/moroccanoil-body-dry-body-oil-100ml/""><span>Moroccanoil Body Dry Body Oil</span></a><span lang=""EN-US""> is the luxurious dry body oil from the range that comes in a handy spray bottle. It<span> will infuse your skin with antioxidant-rich, naturally nourishing ingredients such as Argan, olive and avocado oils, leaving it soft and silky. The weightless formula of Moroccanoil Body Dry Body Oil will lock in moisture and soothe any dry areas, all with a </span>gorgeous fragrance that will instantly transport your mind and senses to an exotic holiday resort!</span></p>
<p><span lang=""EN-US"">Order your Moroccanoil body range products today from AllHair.ie: order before 2pm for next day delivery!</span></p>",0,3,Moroccan Oil Body Range : Invigorating Argan Oil Products,"[""""]",Moroccan oil body range is a range of body skincare products infused with argan oil. Order today and get next day delivery direct from our warehouse in Ireland,category.html,,1,,use_store_settings,"{""url"":""/body-range/"",""is_customized"":false}"
188,0,Gifts & Travel,,0,13,,"[""""]",,category.html,,,,use_store_settings,"{""url"":""/gifts-travel/"",""is_customized"":false}"
189,188,Gift,,0,0,,"[""""]",,category.html,,,,use_store_settings,"{""url"":""/gift-1/"",""is_customized"":false}"
190,0,DUMMY,,0,11,,"[""""]",,category.html,,,,use_store_settings,"{""url"":""/dummy/"",""is_customized"":false}"
191,129,NAK,,0,0,NAK Hair : Thickening Shampoo Products Online,"[""""]",Nak professional hair products are designed to thicken the hair. Order your Nak products today and get next day delivery direct from Ireland,category.html,,,thickening,use_store_settings,"{""url"":""/nak-1/"",""is_customized"":false}"
192,170,Vegan,,0,17,Vegan Hair Products : Buy Vegan Shampoo Products Online,"[""""]",Discover our range of cruelty free vegan hair products. Order your favourite vegan shampoo products online today and at get next day delivery in Ireland,category.html,,1,vegan,use_store_settings,"{""url"":""/vegan/"",""is_customized"":false}"
193,0,Special Offers,,0,14,Christmas Shop for Shampoo & Conditioner Gift Sets,"[""""]","Shop our fantastic range of Christmas Gift Set from leading brands such as Alfaparf, Joico and Moroccanoil. Buy now",category.html,,1,,use_store_settings,"{""url"":""/christmas/"",""is_customized"":false}"
194,212,Color Wow,,0,9,Color Wow Expert Hair Products Online Ireland,"[""""]",Shop Color Wow Products on Allhair.ie. We are Official Color Wow Ireland Stockist in Ireland. Enjoy Next Day Delivery From Our Irish based Warehouse,category.html,,1,,use_store_settings,"{""url"":""/color-wow-1/"",""is_customized"":false}"
195,194,All Other,,0,4,Color Wow Expert Hair Products Online Ireland,"[""""]",Shop Color Wow's expert range of professional haircare and styling products online in Ireland and get superfast delivery,category.html,,1,,use_store_settings,"{""url"":""/all-other-1/"",""is_customized"":false}"
196,194,Bundles,,0,2,"Color Wow Bundles : Shampoo, Conditioners, Treatments & Styling","[""""]","Color Wow Shampoo, Conditioners, Treatments & Styling all in one bundle. Order at Allhair and enjoy next day delivery",category.html,,1,,use_store_settings,"{""url"":""/bundles/"",""is_customized"":false}"
197,194,Styling,,0,1,Color Wow Styling : Dream Coats & Dream Filters for Professional Styles,"[""""]",Shop the Color Wow range of styling products which includes the color wow dream filter and the color wow dream coat and enjoy expertly styled hair from home.,category.html,,1,,use_store_settings,"{""url"":""/color-wow-styling/"",""is_customized"":true}"
198,194,Root Cover Up,,0,0,Color Wow Root Coverup : Easy Root Touch Ups at AllHair,"[""""]","Effortlessly touch up your roots and maintain that perfectly coloured hair with Color Wow's range Root Coverups  in various different colours including brown, blonde and redhead",category.html,,1,,use_store_settings,"{""url"":""/root-cover-up-1/"",""is_customized"":false}"
199,194,Gift Sets,,0,3,Color Wow Gift Sets Online Ireland,"[""""]",Shop Color Wow gift sets online Ireland. Perfect gifts for that person who loves salon styled hair and professional hair products. Order online and get next day delivery.,category.html,,1,,use_store_settings,"{""url"":""/gift-sets/"",""is_customized"":false}"
201,212,Eleven,,0,7,Eleven Austriallia Hair Care Brand,"[""""]",Shop the full range from Eleven Haircare and enjoy our next day tracked delivery service anywhere in Ireland,category.html,,1,,use_store_settings,"{""url"":""/eleven/"",""is_customized"":false}"
202,201,Favourites,,0,2,Eleven Australia Favourites Range,"[""""]",Shop the Eleven Australia Favourites Range now and enjoy next day delivery throughout Ireland. Deliveries sent from our warehouse in Bray,category.html,,1,,use_store_settings,"{""url"":""/favourites/"",""is_customized"":false}"
203,201,Styling,,0,1,Eleven Australia Styling Range,"[""""]",Buy from the Eleven Australia Styling Range now and enjoy next day delivery throughout Ireland from our warehouse in Bray,category.html,,1,,use_store_settings,"{""url"":""/styling-1/"",""is_customized"":false}"
204,201,I Want Body,,0,0,Eleven Australia I Want Body Range,"[""""]",Shop the Eleven Australia I Want Body Range and enjoy next day delivery throughout Ireland - Based in Wicklow we use AnPost,category.html,,1,,use_store_settings,"{""url"":""/i-want-body/"",""is_customized"":false}"
205,0,DISABLE,,0,10,,"[""""]",,category.html,,,,use_store_settings,"{""url"":""/disable/"",""is_customized"":false}"
206,159,Mens Range,,0,5,Alfaparf Mens Range : Professional Haircare for Men,"[""""]","Shop Alaparf's men's range which includes hair and beard balms, styling pastes and masculine shampoos and conditioners. Order now and get net day delivery",category.html,,1,,use_store_settings,"{""url"":""/mens-range/"",""is_customized"":false}"
207,170,Anti Dandruff & Scalp Care,,0,12,Shampoo For Dandruff : Shop Dry Scalp Treatment Products,"["" dry scalp treatment"","" shampoo for dandruff""]",Discover our expertly formulated scalp treatments and shampoos that provide relief for hair and dandruff concerns from top brands. Next day delivery in Ireland,category.html,,1,"anti dandruff shampoo, dry scalp treatment, shampoo for dandruff",use_store_settings,"{""url"":""/anti-dandruff-scalp-care/"",""is_customized"":false}"
208,193,Wow Offers,,0,0,Wow Offers at AllHair | Massive Discounts on Luxury Haircare at AllHair,"[""""]","Discover our range of Wow Offers at AllHair and enjoy massive savings on all your favourite luxury haircare brands, including Alfaparf, Moroccanoil, Joico and more!",category.html,,,,use_store_settings,"{""url"":""/wow-offers/"",""is_customized"":false}"
209,193,Summer Sale,,0,0,Summer Sale at AllHair.ie : Massive Discounts on Your Favourite Luxury Haircare Brands,"[""""]","Discover our excellent range of luxury haircare on sale this summer. We are cheapest in europe for colorwow and have amazing offers on all your favourite brands like Alfaparf, Moroccanoil, Joico and more.",category.html,,1,,use_store_settings,"{""url"":""/summer-sale/"",""is_customized"":false}"
210,193,Christmas Sale,,0,0,Christmas Sale : Haircare Gift Set from Top Haircare Brands,"[""""]","Shop Christmas Gift Sets for Haircare, from brands such as ALfaparf, Joico, Olaplex and more. Order online for next day delivery.",category.html,,,,use_store_settings,"{""url"":""/christmas-sale/"",""is_customized"":false}"
211,159,Alfaparf Milano Gift Sets,<p>Shop now and discover the amazing gift sets from Alfaparf Milano. Deliveed from Bray in Ireland all around Ireland next day</p>,0,0,Alfaparf Milano Gift Sets,"[""""]",Shop the full range of Alfaparf Milano Gift Sets today for amazing offers and best prices around. AllHair.ie is based in Bray and delivers all around Ireland,category.html,,1,,use_store_settings,"{""url"":""/alfaparf-milano-gift-sets/"",""is_customized"":false}"
212,0,Brands,,0,0,Top Professional Salon Haircare Brands : Shop AllHair.ie,"[""""]",AllHair.ie is Ireland's online hiarcare destination for all your favourite professional salon haircare brands. Order today and get next day delivery in Ireland,category.html,,1,,use_store_settings,"{""url"":""/top_brands/"",""is_customized"":true}"
213,0,GWP,,0,9,,"[""""]",,category.html,,,,use_store_settings,"{""url"":""/gwp/"",""is_customized"":false}"
214,212,Redken,,0,5,,"[""""]",,category.html,,1,,use_store_settings,"{""url"":""/redken-1/"",""is_customized"":false}"
215,212,Kerastase,,0,4,,"[""""]",,category.html,,1,,use_store_settings,"{""url"":""/kerastase-1/"",""is_customized"":false}"
216,212,NAK,,0,11,,"[""""]",,category.html,,1,,use_store_settings,"{""url"":""/nak-2/"",""is_customized"":false}"
