ID,Brand Name,Has Page Title,Has Meta Description,Has Content,No. of live banners,Contains Redirects,Contains Broken Links,No. of Redirected URLs,No. of Broken URLs,301 URLs,404 URLs,Products,Products In Stock,Page Title,Page Title Length,Meta Description,Meta Description Length,URL,Brand Logo,Meta Keywords,Search Keywords
38,Angelcare,TRUE,TRUE,TRUE,1,FALSE,FALSE,0,0,"[{""Banner Id"":169,""301 URLs"":[]}]","[{""Banner Id"":169,""404 URLs"":[]}]",4,2,Angelcare | PregnancyandBaby.ie,31,Buy Angelcare Online at PregnancyandBaby.ie. Shop Angelcare in the Baby Monitors Category Now. Next Day Delivery on all your Pregnancy and Baby Essentials,154,https://www.pregnancyandbaby.ie/brands/Angelcare.html,https://cdn11.bigcommerce.com/s-5rdxj17/product_images/y/angelcare_1466083819__45528.jpg,null,
39,Angelsounds,TRUE,TRUE,FALSE,,,,,,,,4,2,Angelsounds | PregnancyandBaby.ie,33,Buy Angelsounds Online at PregnancyandBaby.ie. Shop Angelsounds in the Fetal Dopplers Category Now. Next Day Delivery on all your Pregnancy and Baby Essentials,159,https://www.pregnancyandbaby.ie/brands/Angelsounds.html,https://cdn11.bigcommerce.com/s-5rdxj17/product_images/b/angelsounds_1466083971__12379.jpg,null,
40,Ardo,TRUE,TRUE,TRUE,1,FALSE,FALSE,0,0,"[{""Banner Id"":79,""301 URLs"":[]}]","[{""Banner Id"":79,""404 URLs"":[]}]",24,12,Ardo Breast Pumps : Hospital Grade Pumps Direct From Ireland,60,Ardo breast pumps are WHO code compliant and recommend by lactation consultants in Ireland. Order your Ardo breast pump today & get next day delivery in Ireland,160,https://www.pregnancyandbaby.ie/brands/Ardo.html,https://cdn11.bigcommerce.com/s-5rdxj17/product_images/q/ardo_1466084147__24272.jpg,null,
43,Babydan,TRUE,TRUE,TRUE,1,FALSE,FALSE,0,0,"[{""Banner Id"":182,""301 URLs"":[]}]","[{""Banner Id"":182,""404 URLs"":[]}]",34,19,Babydan | PregnancyandBaby.ie,29,Buy Babydan Online at PregnancyandBaby.ie. Shop Babydan in the Highchairs & Booster Seats Category Now. Next Day Delivery on all your Pregnancy and Baby Essentials,163,https://www.pregnancyandbaby.ie/brands/Babydan.html,https://cdn11.bigcommerce.com/s-5rdxj17/product_images/k/babydan-logo_1505207977__34180.jpg,null,
44,Babypotz,FALSE,TRUE,FALSE,,,,,,,,1,0,,0,Buy Babypotz Online at PregnancyandBaby.ie. Shop Babypotz in the Weaning Category Now. Next Day Delivery on all your Pregnancy and Baby Essentials,146,https://www.pregnancyandbaby.ie/brands/Babypotz.html,https://cdn11.bigcommerce.com/s-5rdxj17/product_images/k/babypotz_1466084907__97555.jpg,Babypotz | PregnancyandBaby.ie,
45,Babystart,TRUE,TRUE,TRUE,1,FALSE,FALSE,0,0,"[{""Banner Id"":186,""301 URLs"":[]}]","[{""Banner Id"":186,""404 URLs"":[]}]",10,8,Babystart | PregnancyandBaby.ie,31,Buy Babystart Online at PregnancyandBaby.ie. Shop Babystart in the Fertility Vitamins & Supplements Category Now. Next Day Delivery on all your Pregnancy and Baby Essentials,173,https://www.pregnancyandbaby.ie/brands/Babystart.html,https://cdn11.bigcommerce.com/s-5rdxj17/product_images/o/babystart_1466085138__39448.jpg,null,
46,Beaba,TRUE,TRUE,TRUE,1,FALSE,FALSE,0,0,"[{""Banner Id"":72,""301 URLs"":[]}]","[{""Banner Id"":72,""404 URLs"":[]}]",62,25,Beaba : Best Baby Food Blenders and Baby Food Steamers,54,The Beaba brand is recognised as the leading producers of quality baby food blenders & baby food steamers. Order yours today & get next day delivery in Ireland,159,https://www.pregnancyandbaby.ie/brands/Beaba.html,https://cdn11.bigcommerce.com/s-5rdxj17/product_images/n/beaba_1466085290__25684.jpg,null,
48,BioCare,TRUE,TRUE,FALSE,,,,,,,,1,1,BioCare | PregnancyandBaby.ie,29,Buy BioCare Online at PregnancyandBaby.ie. Shop BioCare in the Pregnancy Vitamins & Supplements Category Now. Next Day Delivery on all your Pregnancy and Baby Essentials,169,https://www.pregnancyandbaby.ie/brands/BioCare.html,https://cdn11.bigcommerce.com/s-5rdxj17/product_images/b/biocare_1466085976__90266.jpg,BioCare | PregnancyandBaby.ie,
49,Body Clock,TRUE,TRUE,TRUE,1,FALSE,FALSE,0,0,"[{""Banner Id"":86,""301 URLs"":[]}]","[{""Banner Id"":86,""404 URLs"":[]}]",5,2,Body Clock : Shop Body Clock Tens Machines and Electrodes,57,Body Clock is a leading supplier of maternity tens machines and electrodes for tens units. Order your tens machines today and get next day delivery in Ireland,158,https://www.pregnancyandbaby.ie/brands/Body-Clock.html,https://cdn11.bigcommerce.com/s-5rdxj17/product_images/w/body-clock_1466086320__40811.jpg,null,tens unit
50,Boppy,TRUE,TRUE,TRUE,1,FALSE,FALSE,0,0,"[{""Banner Id"":189,""301 URLs"":[]}]","[{""Banner Id"":189,""404 URLs"":[]}]",6,1,Boppy | PregnancyandBaby.ie,27,Buy Boppy Online at PregnancyandBaby.ie. Shop Boppy in the Nursing Pillows Category Now. Next Day Delivery on all your Pregnancy and Baby Essentials,148,https://www.pregnancyandbaby.ie/brands/Boppy.html,https://cdn11.bigcommerce.com/s-5rdxj17/product_images/h/boppy_1466086497__59422.jpg,null,
51,Burts Bees,TRUE,TRUE,FALSE,,,,,,,,4,1,Burts Bees | PregnancyandBaby.ie,32,Buy Burts Bees Online at PregnancyandBaby.ie. Shop Burts Bees in the Bathing & Changing Time Category Now. Next Day Delivery on all your Pregnancy and Baby Essentials,166,https://www.pregnancyandbaby.ie/brands/Burts-Bees.html,https://cdn11.bigcommerce.com/s-5rdxj17/product_images/m/burts-bees_1466086631__80286.jpg,null,
52,Caldesene,TRUE,TRUE,FALSE,,,,,,,,2,2,Caldesene | PregnancyandBaby.ie,31,Buy Caldesene Online at PregnancyandBaby.ie. Shop Caldesene in the Bathing & Changing Time Category Now. Next Day Delivery on all your Pregnancy and Baby Essentials,164,https://www.pregnancyandbaby.ie/brands/Caldesene.html,https://cdn11.bigcommerce.com/s-5rdxj17/product_images/u/caldesene_1466086797__56099.jpg,null,
53,Carriwell,TRUE,TRUE,TRUE,1,TRUE,FALSE,1,0,"[{""Banner Id"":88,""301 URLs"":[""https://www.pregnancyandbaby.ie/carriwell-hospital-panties-5-pack-disposable/""]}]","[{""Banner Id"":88,""404 URLs"":[]}]",25,21,Carriwell : Shop Pregnancy Supports and Nursing Underwear,57,Carriwell is a leading supplier of pregnancy support and nursing products. Shop our range of carriwell maternity products today for next day delivery in Ireland,160,https://www.pregnancyandbaby.ie/brands/Carriwell.html,https://cdn11.bigcommerce.com/s-5rdxj17/product_images/k/carriwell_1466086938__96481.jpg,null,
54,Chicco,TRUE,TRUE,TRUE,1,TRUE,FALSE,1,0,"[{""Banner Id"":61,""301 URLs"":[""https://www.pregnancyandbaby.ie/chicco-balloon-bouncer-dark-grey/""]}]","[{""Banner Id"":61,""404 URLs"":[]}]",60,25,Chicco : Italian Baby Products Direct From Ireland,50,Chicco is a premium Italian baby brand that produces quality mother and baby products. Shop the Chicco range today and get next day delivery Ireland!,149,https://www.pregnancyandbaby.ie/brands/Chicco.html,https://cdn11.bigcommerce.com/s-5rdxj17/product_images/h/chicco_1466087084__51128.jpg,null,
55,Clearblue,TRUE,TRUE,TRUE,1,FALSE,FALSE,0,0,"[{""Banner Id"":188,""301 URLs"":[]}]","[{""Banner Id"":188,""404 URLs"":[]}]",8,5,Clearblue | PregnancyandBaby.ie,31,Buy Clearblue Online at PregnancyandBaby.ie. Shop Clearblue in the Ovulation Tests Category Now. Next Day Delivery on all your Pregnancy and Baby Essentials,156,https://www.pregnancyandbaby.ie/brands/Clearblue.html,https://cdn11.bigcommerce.com/s-5rdxj17/product_images/g/clearblue_1466087506__10593.jpg,null,
56,Clevamama,TRUE,TRUE,TRUE,1,FALSE,FALSE,0,0,"[{""Banner Id"":64,""301 URLs"":[]}]","[{""Banner Id"":64,""404 URLs"":[]}]",16,11,Clevamama : Mother & Baby Products Shipped from Ireland,55,Clevamama is an Irish company that makes clever and functional mother & baby products. Get next day tracked delivery on all Irish order. Order yours today!,155,https://www.pregnancyandbaby.ie/brands/Clevamama.html,https://cdn11.bigcommerce.com/s-5rdxj17/product_images/l/clevamama_1466087645__43764.jpg,null,
57,Daysy,TRUE,TRUE,FALSE,,,,,,,,1,0,Daysy | PregnancyandBaby.ie,27,Buy Daysy Online at PregnancyandBaby.ie. Shop Daysy in the Fertility Monitors Category Now. Next Day Delivery on all your Pregnancy and Baby Essentials,151,https://www.pregnancyandbaby.ie/brands/Daysy.html,https://cdn11.bigcommerce.com/s-5rdxj17/product_images/x/daysy_1466594074__60033.jpg,null,
58,Fairhaven,TRUE,TRUE,TRUE,,,,,,,,3,1,Fairhaven | PregnancyandBaby.ie,31,Buy Fairhaven Online at PregnancyandBaby.ie. Shop Fairhaven in the Basal Thermometers Category Now. Next Day Delivery on all your Pregnancy and Baby Essentials,159,https://www.pregnancyandbaby.ie/brands/Fairhaven.html,https://cdn11.bigcommerce.com/s-5rdxj17/product_images/p/fairhaven_1466596088__31519.jpg,null,
59,Dreambaby,TRUE,TRUE,TRUE,1,FALSE,FALSE,0,0,"[{""Banner Id"":92,""301 URLs"":[]}]","[{""Banner Id"":92,""404 URLs"":[]}]",68,35,Dreambaby : The Child Proofing and Baby Safety Specialists,58,Dreambaby are world renowned for the development of innovative baby safety and child proofing products. Order today for next day delivery in Ireland,148,https://www.pregnancyandbaby.ie/brands/Dreambaby.html,https://cdn11.bigcommerce.com/s-5rdxj17/product_images/g/dreambaby_1466595048__54047.jpg,null,baby proofing
60,Dreamgenii,TRUE,TRUE,TRUE,1,FALSE,FALSE,0,0,"[{""Banner Id"":62,""301 URLs"":[]}]","[{""Banner Id"":62,""404 URLs"":[]}]",12,7,Dreamgenii : Maternity Pillows Shipped from Ireland,51,The Dreamgenii maternity support pillow is a full lenght pregnancy pillow that supports the whole body. Get next day delivery from Ireland. Buy yours today,155,https://www.pregnancyandbaby.ie/brands/Dreamgenii.html,https://cdn11.bigcommerce.com/s-5rdxj17/product_images/f/dreamgenii_1618914139__46623.jpg,null,
61,Core Tests,TRUE,TRUE,FALSE,,,,,,,,5,3,Core Tests | PregnancyandBaby.ie,32,Buy Core Tests Online at PregnancyandBaby.ie. Shop Core Tests in the Pregnancy Tests Category Now. Next Day Delivery on all your Pregnancy and Baby Essentials,158,https://www.pregnancyandbaby.ie/brands/Core-Tests.html,https://cdn11.bigcommerce.com/s-5rdxj17/product_images/o/core-tests_1466593820__70564.jpg,null,
62,Eldoncard,TRUE,TRUE,TRUE,,,,,,,,1,1,Eldoncard | PregnancyandBaby.ie,31,Buy Eldoncard Online at PregnancyandBaby.ie. Shop Eldoncard in the Pregnancy & Labour Essentials Category Now. Next Day Delivery on all your Pregnancy and Baby Essentials,170,https://www.pregnancyandbaby.ie/brands/Eldoncard.html,https://cdn11.bigcommerce.com/s-5rdxj17/product_images/j/eldon_1466595751__32699.jpg,null,
63,First Response,TRUE,TRUE,FALSE,,,,,,,,1,1,First Response | PregnancyandBaby.ie,36,Buy First Response Online at PregnancyandBaby.ie. Shop First Response in the Pregnancy Tests Category Now. Next Day Delivery on all your Pregnancy and Baby Essentials,166,https://www.pregnancyandbaby.ie/brands/First-Response.html,https://cdn11.bigcommerce.com/s-5rdxj17/product_images/f/first-response_1466596387__87983.jpg,null,
65,The Gro Company,TRUE,TRUE,TRUE,1,FALSE,FALSE,0,0,"[{""Banner Id"":83,""301 URLs"":[]}]","[{""Banner Id"":83,""404 URLs"":[]}]",35,12,"Gro Company : Award Winning Inventors of Grobag, Gro-clock",58,"The Gro Company are the award winning inventors of Grobag Baby Sleep Bag, Gro-clock, Gro-Anywhere-Blind, Gro-egg & much more. Order today for next day delivery",159,https://www.pregnancyandbaby.ie/brands/The-Gro-Company.html,https://cdn11.bigcommerce.com/s-5rdxj17/product_images/f/gro_1466692013__55527.jpg,null,
67,Kegel8,TRUE,TRUE,TRUE,1,FALSE,FALSE,0,0,"[{""Banner Id"":68,""301 URLs"":[]}]","[{""Banner Id"":68,""404 URLs"":[]}]",10,6,Strengthen Your Pelvic Floor With a Kegel8 Pelvic Toner,55,The Kegel8 Pelvic Toner is clinically proven to restore muscle control within weeks. Order yours today & get next day tracked delivery in Ireland. Shop now,155,https://www.pregnancyandbaby.ie/brands/Kegel8.html,https://cdn11.bigcommerce.com/s-5rdxj17/product_images/t/kegel8_1466597192__32679.jpg,null,
68,Kelkin,TRUE,TRUE,FALSE,,,,,,,,1,0,Kelkin | PregnancyandBaby.ie,28,Buy Kelkin Online at PregnancyandBaby.ie. Shop Kelkin in the Pregnancy Vitamins & Supplements Category Now. Next Day Delivery on all your Pregnancy and Baby Essentials,167,https://www.pregnancyandbaby.ie/brands/Kelkin.html,https://cdn11.bigcommerce.com/s-5rdxj17/product_images/q/kelkin_1466597342__62687.jpg,,
69,LadyComp,TRUE,TRUE,FALSE,,,,,,,,3,1,LadyComp | PregnancyandBaby.ie,30,Buy LadyComp Online at PregnancyandBaby.ie. Shop LadyComp in the Fertility Monitors Category Now. Next Day Delivery on all your Pregnancy and Baby Essentials,157,https://www.pregnancyandbaby.ie/brands/LadyComp.html,https://cdn11.bigcommerce.com/s-5rdxj17/product_images/o/lady-comp_1466597485__73252.jpg,null,
70,Lansinoh,TRUE,TRUE,TRUE,1,FALSE,FALSE,0,0,"[{""Banner Id"":67,""301 URLs"":[]}]","[{""Banner Id"":67,""404 URLs"":[]}]",9,6,Lansinoh : Shop Breastfeeding Products Online in Ireland,56,Lansinoh products have been helping breastfeeding mothers and babies in Ireland for over 30 years. Get next day delivery in Ireland. Order yours today!,151,https://www.pregnancyandbaby.ie/brands/Lansinoh.html,https://cdn11.bigcommerce.com/s-5rdxj17/product_images/i/lansinoh_1466600695__65238.jpg,null,
71,Mama Mio,TRUE,TRUE,TRUE,1,TRUE,FALSE,1,0,"[{""Banner Id"":63,""301 URLs"":[""https://www.pregnancyandbaby.ie/mama-mio-tummy-rub-butter-for-stretch-marks-120g/""]}]","[{""Banner Id"":63,""404 URLs"":[]}]",38,18,Mama Mio : Shop Maternity Skincare Products Online,50,Mama Mio is a luxurious maternity skincare range specially designed for your skin during pregnancy. Get next day delivery in Ireland. Order yours today!,152,https://www.pregnancyandbaby.ie/brands/Mama-Mio.html,https://cdn11.bigcommerce.com/s-5rdxj17/product_images/m/mama-mio_1466601015__20722.jpg,null,
72,Medicare,TRUE,TRUE,TRUE,1,FALSE,FALSE,0,0,"[{""Banner Id"":178,""301 URLs"":[]}]","[{""Banner Id"":178,""404 URLs"":[]}]",7,2,Medicare | PregnancyandBaby.ie,30,Buy Medicare Online at PregnancyandBaby.ie. Shop Medicare in the Baby Health Category Now. Next Day Delivery on all your Pregnancy and Baby Essentials,150,https://www.pregnancyandbaby.ie/brands/Medicare.html,https://cdn11.bigcommerce.com/s-5rdxj17/product_images/q/medicare_1466603020__50666.jpg,null,
74,Nelsons,TRUE,TRUE,FALSE,,,,,,,,1,1,Nelsons | PregnancyandBaby.ie,29,Buy Nelsons Online at PregnancyandBaby.ie. Shop Nelsons in the Baby Health Category Now. Next Day Delivery on all your Pregnancy and Baby Essentials,148,https://www.pregnancyandbaby.ie/brands/Nelsons.html,https://cdn11.bigcommerce.com/s-5rdxj17/product_images/h/nelsons_1466604092__90293.jpg,null,
75,NHP,TRUE,TRUE,FALSE,,,,,,,,3,3,NHP | PregnancyandBaby.ie,25,Buy NHP Online at PregnancyandBaby.ie. Shop NHP in the Pregnancy Vitamins & Supplements Category Now. Next Day Delivery on all your Pregnancy and Baby Essentials,161,https://www.pregnancyandbaby.ie/brands/NHP.html,https://cdn11.bigcommerce.com/s-5rdxj17/product_images/x/nhp_1466604320__62387.jpg,null,
78,Omron,TRUE,TRUE,TRUE,1,FALSE,FALSE,0,0,"[{""Banner Id"":190,""301 URLs"":[]}]","[{""Banner Id"":190,""404 URLs"":[]}]",2,2,Omron | PregnancyandBaby.ie,27,Buy Omron Online at PregnancyandBaby.ie. Shop Omron in the Pregnancy & Labour Essentials Category Now. Next Day Delivery on all your Pregnancy and Baby Essentials,162,https://www.pregnancyandbaby.ie/brands/Omron.html,https://cdn11.bigcommerce.com/s-5rdxj17/product_images/o/omron_1466679889__49716.jpg,null,
79,Pelvic Toner,TRUE,TRUE,FALSE,,,,,,,,1,0,Pelvic Toner | PregnancyandBaby.ie,34,Buy Pelvic Toner Online at PregnancyandBaby.ie. Shop Pelvic Toner in the Pelvic Toners Category Now. Next Day Delivery on all your Pregnancy and Baby Essentials,160,https://www.pregnancyandbaby.ie/brands/Pelvic-Toner.html,https://cdn11.bigcommerce.com/s-5rdxj17/product_images/z/pelvic-toner_1466680467__38240.jpg,null,
80,Pre-Conceive,TRUE,TRUE,FALSE,,,,,,,,1,0,Pre-Conceive | PregnancyandBaby.ie,34,Buy Pre-Conceive Online at PregnancyandBaby.ie. Shop Pre-Conceive in the Fertility Vitamins & Supplements Category Now. Next Day Delivery on all your Pregnancy and Baby Essentials,179,https://www.pregnancyandbaby.ie/brands/Pre%252dConceive.html,https://cdn11.bigcommerce.com/s-5rdxj17/product_images/k/pre-conceive_1466680840__03548.jpg,null,
81,Vitabiotics,TRUE,TRUE,TRUE,1,FALSE,FALSE,0,0,"[{""Banner Id"":183,""301 URLs"":[]}]","[{""Banner Id"":183,""404 URLs"":[]}]",14,13,Vitabiotics | PregnancyandBaby.ie,33,Buy Vitabiotics Online at PregnancyandBaby.ie. Shop Vitabiotics in the Post Pregnancy Vitamins & Supplements Category Now. Next Day Delivery Ireland,148,https://www.pregnancyandbaby.ie/brands/Vitabiotics.html,https://cdn11.bigcommerce.com/s-5rdxj17/product_images/h/vitabiotics_1466692885__29810.jpg,null,
82,Preseed,TRUE,TRUE,TRUE,1,FALSE,FALSE,0,0,"[{""Banner Id"":174,""301 URLs"":[]}]","[{""Banner Id"":174,""404 URLs"":[]}]",2,2,Preseed | PregnancyandBaby.ie,29,Buy Preseed Online at PregnancyandBaby.ie. Shop Preseed in the Fertility Lubricants Category Now. Next Day Delivery on all your Pregnancy and Baby Essentials,157,https://www.pregnancyandbaby.ie/brands/Preseed.html,https://cdn11.bigcommerce.com/s-5rdxj17/product_images/n/preseed_1466681027__33810.jpg,null,
83,Proxeed,TRUE,TRUE,TRUE,1,FALSE,FALSE,0,0,"[{""Banner Id"":175,""301 URLs"":[]}]","[{""Banner Id"":175,""404 URLs"":[]}]",2,2,Proxeed | PregnancyandBaby.ie,29,Buy Proxeed Online at PregnancyandBaby.ie. Shop Proxeed in the Fertility Vitamins & Supplements Category Now. Next Day Delivery on all your Pregnancy and Baby Essentials,169,https://www.pregnancyandbaby.ie/brands/Proxeed.html,https://cdn11.bigcommerce.com/s-5rdxj17/product_images/f/proxeed_1466681139__74242.jpg,null,
84,Respisense,TRUE,TRUE,TRUE,1,FALSE,FALSE,0,0,"[{""Banner Id"":95,""301 URLs"":[]}]","[{""Banner Id"":95,""404 URLs"":[]}]",2,0,"Respisense : Clip on Baby Movement, Breathing Monitor",53,Respisence is an awarding winning baby movement and breathing baby monitor that clips onto your babies nappy and can detect the slightest movement of your baby,159,https://www.pregnancyandbaby.ie/brands/Respisense.html,https://cdn11.bigcommerce.com/s-5rdxj17/product_images/u/respisense_1466681370__14253.jpg,null,
85,Sasmar Conceive,TRUE,TRUE,TRUE,1,FALSE,FALSE,0,0,"[{""Banner Id"":176,""301 URLs"":[]}]","[{""Banner Id"":176,""404 URLs"":[]}]",4,2,Sasmar Conceive | PregnancyandBaby.ie,37,Buy Sasmar Conceive Online at PregnancyandBaby.ie. Shop Sasmar in the Fertility Lubricants Category Now. Next Day Delivery on all your Pregnancy and Baby Essentials,164,https://www.pregnancyandbaby.ie/brands/Sasmar-Conceive.html,https://cdn11.bigcommerce.com/s-5rdxj17/product_images/x/sasmar_1466681569__38484.jpg,null,
86,SensaTone,TRUE,TRUE,TRUE,1,FALSE,FALSE,0,0,"[{""Banner Id"":96,""301 URLs"":[]}]","[{""Banner Id"":96,""404 URLs"":[]}]",1,1,Sensa Tone : Powerful Digital Pelvic Floor Stimulator,53,The SensaTone is a powerful digital Pelvic Floor Stimulator. Its design is simple and compact and can be used by all women to strengthen pelvic floor muscles,157,https://www.pregnancyandbaby.ie/brands/SensaTone.html,https://cdn11.bigcommerce.com/s-5rdxj17/product_images/o/sensatone_1466681873__33986.jpg,,
87,Snoozeshade,TRUE,TRUE,FALSE,,,,,,,,3,0,Snoozeshade | PregnancyandBaby.ie,33,Buy Snoozeshade Online at PregnancyandBaby.ie. Shop Snoozeshade in the Baby Travel & Outdoor Category Now. Next Day Delivery on all your Pregnancy and Baby Essentials,166,https://www.pregnancyandbaby.ie/brands/Snoozeshade.html,https://cdn11.bigcommerce.com/s-5rdxj17/product_images/n/snoozeshade_1466682023__18440.jpg,null,
88,Snuza,TRUE,TRUE,TRUE,1,FALSE,FALSE,0,0,"[{""Banner Id"":99,""301 URLs"":[]}]","[{""Banner Id"":99,""404 URLs"":[]}]",1,1,Snuza Hero : Baby Movement Monitor Detects Slight Movements,59,The Snuza Hero baby movement monitor detects the slightest of movements while your baby sleeps. Get peace of mind and order your Snuza monitor today,148,https://www.pregnancyandbaby.ie/brands/Snuza.html,https://cdn11.bigcommerce.com/s-5rdxj17/product_images/d/snuza_1466682168__15946.jpg,null,"movement monitor, hero"
91,Tommee Tippee,TRUE,TRUE,TRUE,1,FALSE,FALSE,0,0,"[{""Banner Id"":179,""301 URLs"":[]}]","[{""Banner Id"":179,""404 URLs"":[]}]",2,2,Tommee Tippee | PregnancyandBaby.ie,35,Buy Tommee Tippee Online at PregnancyandBaby.ie. Shop Tommee Tippee in the Bathing & Changing Time Category Now. Next Day Delivery on all your Pregnancy and Baby Essentials,172,https://www.pregnancyandbaby.ie/brands/Tommee-Tippee.html,https://cdn11.bigcommerce.com/s-5rdxj17/product_images/f/tommee-tippee_1466692285__30336.jpg,null,
92,Anagel,TRUE,TRUE,FALSE,,,,,,,,1,1,Anagel | PregnancyandBaby.ie,28,Buy Anagel Online at PregnancyandBaby.ie. Shop Anagel in the Fetal Dopplers Category Now. Next Day Delivery on all your Pregnancy and Baby Essentials,149,https://www.pregnancyandbaby.ie/brands/Anagel.html,https://cdn11.bigcommerce.com/s-5rdxj17/product_images/d/anagel_1466083417__04361.jpg,null,
93,Vicks,TRUE,TRUE,TRUE,1,TRUE,FALSE,2,0,"[{""Banner Id"":108,""301 URLs"":[""https://www.pregnancyandbaby.ie/vicks-warm-mist-humidifier/"",""https://www.pregnancyandbaby.ie/vicks-warm-mist-humidifier/""]}]","[{""Banner Id"":108,""404 URLs"":[]}]",2,1,Vicks Humidifier : Buy Vick Warm Mist Humidifier in Ireland,59,The Vick Humidifier is realeases warm mist and is very popular & effective at relieving congestion in babies and young children. Order today direct from Ireland,160,https://www.pregnancyandbaby.ie/brands/Vicks.html,https://cdn11.bigcommerce.com/s-5rdxj17/product_images/u/vicks_1466692524__11633.jpg,,
95,Zita West,TRUE,TRUE,TRUE,1,FALSE,FALSE,0,0,"[{""Banner Id"":185,""301 URLs"":[]}]","[{""Banner Id"":185,""404 URLs"":[]}]",11,7,Zita West | PregnancyandBaby.ie,31,Buy Zita West Online at PregnancyandBaby.ie. Shop Zita West in the Post Pregnancy Vitamins & Supplements Category Now. Next Day Delivery,136,https://www.pregnancyandbaby.ie/brands/Zita-West.html,https://cdn11.bigcommerce.com/s-5rdxj17/product_images/w/zita-west_1466693300__65138.jpg,null,
96,Bio Oil,TRUE,TRUE,TRUE,1,FALSE,FALSE,0,0,"[{""Banner Id"":171,""301 URLs"":[]}]","[{""Banner Id"":171,""404 URLs"":[]}]",4,4,Bio Oil | Stretch marks | PregnancyandBaby.ie,45,Buy Bio Oil Online at PregnancyandBaby.ie. Shop Bio Oil in the Stretch Marks Skincare Category. Price Match Promise and Next Day Delivery Ireland,145,https://www.pregnancyandbaby.ie/brands/Bio-Oil.html,https://cdn11.bigcommerce.com/s-5rdxj17/product_images/q/bio-oil_1466085723__36464.jpg,null,
98,Teetha,TRUE,TRUE,FALSE,,,,,,,,2,1,Teetha | PregnancyandBaby.ie,28,"Buy Teetha Online at PregnancyandBaby.ie. Shop Teetha Products in the Teething and Baby Health Category. Next Day Delivery Ireland, Price Promise",145,https://www.pregnancyandbaby.ie/brands/Teetha.html,https://cdn11.bigcommerce.com/s-5rdxj17/product_images/i/teetha_1466682294__94278.jpg,null,
99,Dr. Brown's,TRUE,TRUE,FALSE,,,,,,,,20,1,Dr. Brown's Bottles | PregnancyandBaby.ie,41,Buy Dr Brown's Baby Feeding Bottle Online at PregnancyandBaby.ie. Shop the Full Dr Brown's Range in the Baby Feeding Category. Next Day Delivery Ireland,152,https://www.pregnancyandbaby.ie/brands/Dr.-Brown%27s.html,https://cdn11.bigcommerce.com/s-5rdxj17/product_images/s/dr.-brown%27s_1466594411__21104.jpg,null,
100,Bepanthen,TRUE,TRUE,FALSE,,,,,,,,1,1,Bepanthen | PregnancyandBaby.ie,31,Bepanthen is a gentle & effective nappy care ointment and is now available on PregnancyandBaby.ie. Bepanthen dual action protects against & treats nappy rash,157,https://www.pregnancyandbaby.ie/brands/Bepanthen.html,https://cdn11.bigcommerce.com/s-5rdxj17/product_images/z/bepanthen_1467296742__87129.jpg,null,
102,Belly Bandit,TRUE,TRUE,TRUE,1,FALSE,FALSE,0,0,"[{""Banner Id"":66,""301 URLs"":[]}]","[{""Banner Id"":66,""404 URLs"":[]}]",33,23,Belly Bandit Pre and Post Pregnancy Support Products,52,Belly Bandit is the pregnancy support brand recommended by doctors & fitness experts. Get next day delivery when you order before 2pm. Order yours today!,153,https://www.pregnancyandbaby.ie/brands/Belly-Bandit.html,https://cdn11.bigcommerce.com/s-5rdxj17/product_images/s/belly-bandit_1467296483__73264.jpg,null,
106,SwimCount,TRUE,TRUE,FALSE,,,,,,,,3,3,SwimCount | PregnancyandBaby.ie,31,Buy SwimCount Sperm Motility Test Online at PregnancyandBaby.ie. SwimCount is the world's first valid home test of sperm quality. Next Day Delivery Ireland,155,https://www.pregnancyandbaby.ie/brands/SwimCount.html,https://cdn11.bigcommerce.com/s-5rdxj17/product_images/z/swimcount_1478871843__51235.jpg,null,
107,Pharmony,TRUE,TRUE,FALSE,,,,,,,,1,1,Gripe Water | PregnancyandBaby.ie,33,Buy Pharmony Gripe Water Online at PregnancyandBaby.ie. Shop Baby Sleep and Colic Products  Now. Price Promise and Next Day Delivery Ireland,140,https://www.pregnancyandbaby.ie/brands/Pharmony.html,https://cdn11.bigcommerce.com/s-5rdxj17/product_images/q/pharmony_1478870864__40083.jpg,null,
108,BV,TRUE,TRUE,TRUE,1,FALSE,FALSE,0,0,"[{""Banner Id"":102,""301 URLs"":[]}]","[{""Banner Id"":102,""404 URLs"":[]}]",1,1,BV Maternity Pads : Buy Bastos Viegas Maternity Pads Online,59,BV maternity pads are a must-have product for your labour hospital bag. Bastos Viegas maternity pads are super absorbent. Next day delivery direct from Ireland,159,https://www.pregnancyandbaby.ie/brands/BV.html,https://cdn11.bigcommerce.com/s-5rdxj17/product_images/x/bv_1493200416__79559.jpg,null,"Bastos Viegas, BV, maternity pads"
110,MultiMam,TRUE,TRUE,TRUE,1,FALSE,FALSE,0,0,"[{""Banner Id"":69,""301 URLs"":[]}]","[{""Banner Id"":69,""404 URLs"":[]}]",4,4,Multi Mam : Breastfeeding and Breast Care Products,50,Multi Mam treats and provides relief from breastfeeding discomforts. Get next day delivery in Ireland with An Post tracked delivery. Order yours today!,151,https://www.pregnancyandbaby.ie/brands/MultiMam.html,https://cdn11.bigcommerce.com/s-5rdxj17/product_images/b/multi-mam_1478865108__70099.jpg,null,
111,One Step,TRUE,TRUE,FALSE,,,,,,,,2,1,One Step Test | PregnancyandBaby.ie,35,"Buy One Step Test Online at PregnancyandBaby.ie. Shop the Full Range of Pregnancy and Maternity Products, Next Day Delivery Ireland",131,https://www.pregnancyandbaby.ie/brands/One-Step.html,https://cdn11.bigcommerce.com/s-5rdxj17/product_images/t/one-step_1478865842__32157.jpg,null,
113,Theraline,TRUE,TRUE,TRUE,2,TRUE,FALSE,2,0,"[{""Banner Id"":100,""301 URLs"":[]},{""Banner Id"":152,""301 URLs"":[""https://www.pregnancyandbaby.ie/vicks-warm-mist-humidifier/"",""https://www.pregnancyandbaby.ie/infrared-dual-mode-medical-thermometer/""]}]","[{""Banner Id"":100,""404 URLs"":[]},{""Banner Id"":152,""404 URLs"":[]}]",1,1,Theraline : Buy Theraline C Section Belt Direct From Ireland,60,The Theraline C Section belt was developed by a young mother for the protection of her caesarean scar. Order today and get next day delivery in Ireland,151,https://www.pregnancyandbaby.ie/brands/Theraline.html,https://cdn11.bigcommerce.com/s-5rdxj17/product_images/g/theraline_1478872005__43198.jpg,null,caesarean
114,Haakaa,TRUE,TRUE,TRUE,2,FALSE,FALSE,0,0,"[{""Banner Id"":65,""301 URLs"":[]},{""Banner Id"":113,""301 URLs"":[]}]","[{""Banner Id"":65,""404 URLs"":[]},{""Banner Id"":113,""404 URLs"":[]}]",90,71,Haakaa : Breastfeeding Products Direct from Ireland,51,"Shop Haakaa natural eco friendly baby products including silcone breast pumps, teething toys, cutlery sets online. Buy yours direct from Ireland today!",151,https://www.pregnancyandbaby.ie/brands/Haakaa.html,https://cdn11.bigcommerce.com/s-5rdxj17/product_images/a/haakaa_1478863181__06545.jpg,null,Haakaa
115,Elvie,TRUE,TRUE,TRUE,1,FALSE,FALSE,0,0,"[{""Banner Id"":114,""301 URLs"":[]}]","[{""Banner Id"":114,""404 URLs"":[]}]",4,3,Elvie | Elvie Pelvic Floor Exercise Tracker  | Elvie App,56,"Buy Elvie Pelvic Floor Exercise Tracker Online at PregnancyandBaby.ie, Shop Ireland's No1 Pregnancy and Baby Store Today, Next Day Delivery Ireland",147,https://www.pregnancyandbaby.ie/brands/Elvie.html,https://cdn11.bigcommerce.com/s-5rdxj17/product_images/l/elvie-logo_1493203446__76320.jpg,null,
116,Braun,TRUE,TRUE,TRUE,2,TRUE,FALSE,1,0,"[{""Banner Id"":87,""301 URLs"":[]},{""Banner Id"":136,""301 URLs"":[""https://www.pregnancyandbaby.ie/medela-swing-breast-pump/""]}]","[{""Banner Id"":87,""404 URLs"":[]},{""Banner Id"":136,""404 URLs"":[]}]",2,2,Braun : Shop the Patent Braun Thermoscan Thermometer,52,Braun is a German consumer products company renowned for the develop of the highly accurate braun thermoscan thermometer. Order now and get next day delivery,157,https://www.pregnancyandbaby.ie/brands/Braun.html,https://cdn11.bigcommerce.com/s-5rdxj17/product_images/a/braun-logo_1493200165__22116.jpg,null,
117,Weleda,TRUE,TRUE,TRUE,1,FALSE,FALSE,0,0,"[{""Banner Id"":141,""301 URLs"":[]}]","[{""Banner Id"":141,""404 URLs"":[]}]",1,0,Weleda Breastfeeding Oil | PregnancyandBaby.ie,46,"Buy Weleda Nursing Oil Online at PregnancyandBaby.ie. Shop Weleda Nursing Oil Today, We are Ireland's Breastfeeding Specialists, Next Day Delivery Ireland",154,https://www.pregnancyandbaby.ie/brands/Weleda.html,https://cdn11.bigcommerce.com/s-5rdxj17/product_images/i/weleda_1493208563__40894.jpg,null,
122,Cuddles,TRUE,TRUE,TRUE,1,TRUE,FALSE,1,0,"[{""Banner Id"":131,""301 URLs"":[""https://www.pregnancyandbaby.ie/haakaa-100-natural-disposable-nursing-pads-round/""]}]","[{""Banner Id"":131,""404 URLs"":[]}]",1,1,Cuddles | PregnancyandBaby.ie,29,"Buy Cuddles Online at PregnancyandBaby.ie, Shop Ireland's No1 Pregnancy and Baby Store Today, Price Beat Promise, Next Day Delivery Ireland",139,https://www.pregnancyandbaby.ie/brands/Cuddles.html,https://cdn11.bigcommerce.com/s-5rdxj17/product_images/o/cuddles_1493201648__45619.jpg,null,
124,Sleepytot,TRUE,TRUE,TRUE,2,TRUE,FALSE,3,0,"[{""Banner Id"":80,""301 URLs"":[""https://www.pregnancyandbaby.ie/sleepytot-small-bunny-baby-comforter-blue-pink/"",""https://www.pregnancyandbaby.ie/sleepytot-big-bunny-baby-comforter/""]},{""Banner Id"":117,""301 URLs"":[""https://www.pregnancyandbaby.ie/medicare-inflatable-ring-cushion-16/""]}]","[{""Banner Id"":80,""404 URLs"":[]},{""Banner Id"":117,""404 URLs"":[]}]",4,2,Sleepytot : Baby Comforter To Help Settle and Comfort Baby,58,The sleepytot baby comforter has helped settle and comfort thousand of Irish babies. Order your sleepytot comforter today and get next day delivery in Ireland,158,https://www.pregnancyandbaby.ie/brands/Sleepytot.html,https://cdn11.bigcommerce.com/s-5rdxj17/product_images/j/sleepytot_1493207700__39803.jpg,null,
125,Slumber Bear,TRUE,TRUE,TRUE,1,TRUE,FALSE,1,0,"[{""Banner Id"":161,""301 URLs"":[""https://www.pregnancyandbaby.ie/clevamama-clevascoop/""]}]","[{""Banner Id"":161,""404 URLs"":[]}]",1,1,Slumber Bear | Prince Lionheart | PregnancyandBaby.ie,53,"Buy Slumber Bear Prince Lionheart Online at PregnancyandBaby.ie, Shop Ireland's No1 Pregnancy and Baby Store Today, Price Promise, Next Day Delivery Ireland",156,https://www.pregnancyandbaby.ie/brands/Slumber-Bear.html,https://cdn11.bigcommerce.com/s-5rdxj17/product_images/u/slumber-bear_1493208004__80184.jpg,null,
126,Medela,TRUE,TRUE,TRUE,2,TRUE,FALSE,4,0,"[{""Banner Id"":93,""301 URLs"":[""https://www.pregnancyandbaby.ie/medela-freestyle-breast-pump/"",""https://www.pregnancyandbaby.ie/medela-swing-breast-pump/""]},{""Banner Id"":165,""301 URLs"":[""https://www.pregnancyandbaby.ie/avent-electric-steam-steriliser-3-in-1/"",""https://www.pregnancyandbaby.ie/dr-browns-deluxe-electric-steriliser-grey/""]}]","[{""Banner Id"":93,""404 URLs"":[]},{""Banner Id"":165,""404 URLs"":[]}]",7,2,Medela : Ireland's Number One Hospital Grade Breast Pump,56,Medela breast pumps are the number one choice of breast pumps in Irish maternity hospitals. Order your medela breast pump today and get next day delivery,153,https://www.pregnancyandbaby.ie/brands/Medela.html,https://cdn11.bigcommerce.com/s-5rdxj17/product_images/r/medela-logo_1493203603__29729.jpg,,
127,Silverette,TRUE,TRUE,TRUE,2,TRUE,FALSE,1,0,"[{""Banner Id"":98,""301 URLs"":[]},{""Banner Id"":151,""301 URLs"":[""https://www.pregnancyandbaby.ie/chevron-changing-mat-raspberry/""]}]","[{""Banner Id"":98,""404 URLs"":[]},{""Banner Id"":151,""404 URLs"":[]}]",1,1,Silverette Breast Angels : Silver Cups Breastfeedings,53,Silverettes are silver cups used in breastfeedings made from pure silver that help to protect nipples while breastfeeding. Order today and get next day delivery in Ireland,171,https://www.pregnancyandbaby.ie/brands/Silverette.html,https://cdn11.bigcommerce.com/s-5rdxj17/product_images/s/silverette_1493206647__72390.jpg,Silverette  Silverette Nursing Cups  Mastitis,"Silverette, Silverette Nursing Cups, Mastitis, breast angels"
130,Babymoov,TRUE,TRUE,TRUE,2,FALSE,FALSE,0,0,"[{""Banner Id"":85,""301 URLs"":[]},{""Banner Id"":154,""301 URLs"":[]}]","[{""Banner Id"":85,""404 URLs"":[]},{""Banner Id"":154,""404 URLs"":[]}]",13,7,Babymoov : Innovative Baby Products Designed in France,54,Babymoov is an innovative French company that designed and develops baby and nursery products. Shop the babymoov range today and get next day delivery in Ireland,161,https://www.pregnancyandbaby.ie/brands/Babymoov.html,https://cdn11.bigcommerce.com/s-5rdxj17/product_images/k/babymoov_1498214170__57451.jpg,null,
132,Basq,TRUE,TRUE,TRUE,2,FALSE,FALSE,0,0,"[{""Banner Id"":81,""301 URLs"":[]},{""Banner Id"":160,""301 URLs"":[]}]","[{""Banner Id"":81,""404 URLs"":[]},{""Banner Id"":160,""404 URLs"":[]}]",9,1,Basq : Award Winning Pregnancy Skin Care Products,49,Basq pregnancy skincare products are designed to prevent stretch marks and nourish dry skin. Order your Basq NY today and get next day delivery in Ireland,154,https://www.pregnancyandbaby.ie/brands/Basq.html,https://cdn11.bigcommerce.com/s-5rdxj17/product_images/d/basq_1498215322__93529.jpg,null,basq NY
133,Mustela,TRUE,TRUE,TRUE,2,TRUE,FALSE,1,0,"[{""Banner Id"":74,""301 URLs"":[""https://www.pregnancyandbaby.ie/mustela-maternity-stretch-marks-prevention-cream-150ml/""]},{""Banner Id"":120,""301 URLs"":[]}]","[{""Banner Id"":74,""404 URLs"":[]},{""Banner Id"":120,""404 URLs"":[]}]",13,7,Mustela : The Skin Care Experts for Mums To Be and Babies,57,Mustela skin care products are designed for babies skin and for mums-to-be before and after giving birth. Order mustela now for next day delivery in Ireland,156,https://www.pregnancyandbaby.ie/brands/Mustela.html,https://cdn11.bigcommerce.com/s-5rdxj17/product_images/w/mustela-logo_1498217149__60353.jpg,null,
136,Sea-Band,TRUE,TRUE,TRUE,2,TRUE,FALSE,1,0,"[{""Banner Id"":163,""301 URLs"":[""https://www.pregnancyandbaby.ie/dr-browns-starter-kit/""]},{""Banner Id"":177,""301 URLs"":[]}]","[{""Banner Id"":163,""404 URLs"":[]},{""Banner Id"":177,""404 URLs"":[]}]",1,1,Morning Sickness | Sea-Band Mama | Pregnancy And Baby,53,"Relieve Your Morning Sickness with Sea-Band Mama. Shop Online for everything you need for maternity, post-partum & newborn essentials online at Pregnancy & Baby",160,https://www.pregnancyandbaby.ie/brands/Sea%252dBand.html,https://cdn11.bigcommerce.com/s-5rdxj17/product_images/c/sea-band_1505209271__81191.jpg,null,
137,Baby Vit D,TRUE,TRUE,TRUE,1,TRUE,FALSE,2,0,"[{""Banner Id"":119,""301 URLs"":[""https://www.pregnancyandbaby.ie/pregnacare-max/"",""https://www.pregnancyandbaby.ie/vitabiotics-pregnacare-plus/""]}]","[{""Banner Id"":119,""404 URLs"":[]}]",1,1,Vitamin D Drops for Babies | Baby Vit D,39,"Specially developed for newborn babies, infants and young children to help meet their daily Vitamin D needs. Shop for you & your baby online at Pregnancy & Baby",160,https://www.pregnancyandbaby.ie/brands/Baby-Vit-D.html,https://cdn11.bigcommerce.com/s-5rdxj17/product_images/a/babyvit-d3_1505207910__41351.jpg,vitamin D  d-Drops  jakeman  vitamin d babies,
138,Water Wipes,TRUE,TRUE,TRUE,2,TRUE,FALSE,1,0,"[{""Banner Id"":101,""301 URLs"":[]},{""Banner Id"":133,""301 URLs"":[""https://www.pregnancyandbaby.ie/vitabiotics-pregnacare-breast-feeding-supplement/""]}]","[{""Banner Id"":101,""404 URLs"":[]},{""Banner Id"":133,""404 URLs"":[]}]",1,1,Water Wipes : Discover the World's Purest Baby Wipes,52,Water Wipes are the world's purest baby wipes and are perfect for newborn baby skin which is five times thinner that adult skin. Order today direct from Ireland,160,https://www.pregnancyandbaby.ie/brands/Water-Wipes.html,https://cdn11.bigcommerce.com/s-5rdxj17/product_images/i/waterwipes-logo_1507643370__04089.jpg,,
139,Babylo,TRUE,TRUE,TRUE,2,TRUE,FALSE,1,0,"[{""Banner Id"":84,""301 URLs"":[]},{""Banner Id"":121,""301 URLs"":[""https://www.pregnancyandbaby.ie/mama-mio-tummy-rub-butter-for-stretch-marks-120g/""]}]","[{""Banner Id"":84,""404 URLs"":[]},{""Banner Id"":121,""404 URLs"":[]}]",19,7,Babylo : Awarding Winning Baby Nursery Products in Ireland,58,The Babylo is an awarding winning range of baby and nursery products. Order today and get next day delivery with An Post direct from our warehouse in Ireland,157,https://www.pregnancyandbaby.ie/brands/Babylo.html,https://cdn11.bigcommerce.com/s-5rdxj17/product_images/l/babylo_1511515522__73110.jpg,,
142,Britax,TRUE,TRUE,TRUE,2,TRUE,FALSE,1,0,"[{""Banner Id"":70,""301 URLs"":[]},{""Banner Id"":124,""301 URLs"":[""https://www.pregnancyandbaby.ie/carriwell-hospital-panties-5-pack-disposable/""]}]","[{""Banner Id"":70,""404 URLs"":[]},{""Banner Id"":124,""404 URLs"":[]}]",6,3,Britax is the Number One Manufacturer of Child Car Seats,56,Britax is recognised as the global leader in the manufacturer of child car seats. Order yours before 2pm and get next day tracked delivery from Ireland,151,https://www.pregnancyandbaby.ie/brands/Britax.html,https://cdn11.bigcommerce.com/s-5rdxj17/product_images/m/britax_1511515802__82758.jpg,,
143,Pogu,TRUE,TRUE,TRUE,1,FALSE,FALSE,0,0,"[{""Banner Id"":116,""301 URLs"":[]}]","[{""Banner Id"":116,""404 URLs"":[]}]",1,0,Pogu - Safety Reflective Accessories For Child Visibility,57,"Shop Pogu Safety Reflective Accessories Online from PregnancyandBaby.ie - Ireland's Maternity and toddler Experts. 100% Irish and safe, secure online shopping",158,https://www.pregnancyandbaby.ie/brands/Pogu.html,https://cdn11.bigcommerce.com/s-5rdxj17/product_images/t/pogu_1511516287__02758.jpg,,
144,Safetots,TRUE,TRUE,TRUE,1,FALSE,FALSE,0,0,"[{""Banner Id"":127,""301 URLs"":[]}]","[{""Banner Id"":127,""404 URLs"":[]}]",6,1,Safetots | Safetots Baby Range Ireland  | Pregnancy & Baby,58,Buy Safetots Online at PregnancyandBaby.ie. Shop Safetots in the Baby Safety Category Now. Next Day Delivery on all your Pregnancy and Baby Essentials,150,https://www.pregnancyandbaby.ie/brands/Safetots.html,https://cdn11.bigcommerce.com/s-5rdxj17/product_images/t/safetots_1511516490__28283.jpg,,
145,Neen,TRUE,TRUE,TRUE,1,TRUE,FALSE,3,0,"[{""Banner Id"":128,""301 URLs"":[""https://www.pregnancyandbaby.ie/vitabiotics-pregnacare-new-mum/"",""https://www.pregnancyandbaby.ie/vitabiotics-pregnacare-breast-feeding-supplement/"",""https://www.pregnancyandbaby.ie/vitabiotics-pregnacare-breast-feeding-supplement-56-tablets/""]}]","[{""Banner Id"":128,""404 URLs"":[]}]",5,3,Neen Pelvic Toners - Giving You Your Confidence Back,52,Buy Neen Pelvic Health Products Online at PregnancyandBaby.ie. Shop Neen in the Pelvic Toners Category Now. Next Day Delivery on all your Pregnancy and Baby Essentials,167,https://www.pregnancyandbaby.ie/brands/Neen.html,https://cdn11.bigcommerce.com/s-5rdxj17/product_images/j/neen_1523280920__05565.jpg,,
147,Serola,TRUE,TRUE,TRUE,2,TRUE,FALSE,1,0,"[{""Banner Id"":97,""301 URLs"":[]},{""Banner Id"":126,""301 URLs"":[""https://www.pregnancyandbaby.ie/mama-mio-tummy-rub-butter-for-stretch-marks-120g/""]}]","[{""Banner Id"":97,""404 URLs"":[]},{""Banner Id"":126,""404 URLs"":[]}]",1,1,Serola Sacroiliac Belt : Supports The sacroiliac Joints,55,The serola sacroiliac belt supports the sacroiliac Joints relieving stress and instability during your pregnancy. Order today & get next day delivery in Ireland,160,https://www.pregnancyandbaby.ie/brands/Serola.html,https://cdn11.bigcommerce.com/s-5rdxj17/product_images/o/serola_1523280959__06924.jpg,,"Back Pain, Hip Pain, Symphysis Pubis Dysfunction, Pelvic Girdle Dysfunction, Piriformis Syndrome, Upper Leg Pain, Pelvic Pain"
148,Crane,TRUE,TRUE,TRUE,2,FALSE,FALSE,0,0,"[{""Banner Id"":110,""301 URLs"":[]},{""Banner Id"":118,""301 URLs"":[]}]","[{""Banner Id"":110,""404 URLs"":[]},{""Banner Id"":118,""404 URLs"":[]}]",2,2,Crane Humidifier : Helps Relieve Nasal Congestion in Babies,59,The Crane humidifier is ultrasonic cool mist humidifier that helps relieve nasal congestion in babies. Order your crane today & get next day delivery in Ireland,160,https://www.pregnancyandbaby.ie/crane/,https://cdn11.bigcommerce.com/s-5rdxj17/product_images/z/crane%20logo_1523280682__87691.jpg,,
149,Diono,TRUE,TRUE,TRUE,1,TRUE,FALSE,1,0,"[{""Banner Id"":123,""301 URLs"":[""https://www.iloveshopping.ie/miracle-box-birthing-ball-total-guide/""]}]","[{""Banner Id"":123,""404 URLs"":[]}]",1,0,Diono Safety Reins | Pregnancy & Baby,37,Buy Safety Harnesses Online at pregnancyandbaby.ie Ireland's No1 Specialist Pregnancy Store. We Wont Be Beaten on Price or Service. Next Day Delivery Ireland,157,https://www.pregnancyandbaby.ie/diono/,https://cdn11.bigcommerce.com/s-5rdxj17/product_images/e/diono%20logo_1523280720__49241.jpg,,
150,MooseNoose,TRUE,TRUE,TRUE,1,FALSE,FALSE,0,0,"[{""Banner Id"":125,""301 URLs"":[]}]","[{""Banner Id"":125,""404 URLs"":[]}]",1,0,Toddler Safety Harness | MooseNoose | Pregnancy & Baby,54,Buy Safety Harnesses by MooseNoose Online at pregnancyandbaby.ie Ireland's No1 Specialist Pregnancy Store. We Wont Be Beaten on Price or Service. Next Day Delivery Ireland,171,https://www.pregnancyandbaby.ie/moosenoose/,https://cdn11.bigcommerce.com/s-5rdxj17/product_images/m/moosenoose_1523280881__95501.jpg,,
151,Gymnic,TRUE,TRUE,FALSE,,,,,,,,3,3,Birthing Ball | Gymnic | Pregnancy & Baby,41,Buy Birthing Ball products Online at pregnancyandbaby.ie Ireland's No1 Specialist Pregnancy Store. We Wont Be Beaten on Price or Service. Next Day Delivery Ireland,163,https://www.pregnancyandbaby.ie/gymnic/,https://cdn11.bigcommerce.com/s-5rdxj17/product_images/v/gymnic_1523280802__64235.jpg,,
152,Faster Blaster,TRUE,TRUE,TRUE,1,FALSE,FALSE,0,0,"[{""Banner Id"":142,""301 URLs"":[]}]","[{""Banner Id"":142,""404 URLs"":[]}]",1,1,Birthing Ball Pump | Faster Blaster | Pregnancy & Baby,54,Buy Pump for Birthing Ball Online at pregnancyandbaby.ie Ireland's No1 Specialist Pregnancy Store. We Wont Be Beaten on Price or Service. Next Day Delivery Ireland,163,https://www.pregnancyandbaby.ie/faster-blaster/,https://cdn11.bigcommerce.com/s-5rdxj17/product_images/e/faster%20blaster_1523280762__89230.jpg,,
153,Ledraplastic,TRUE,TRUE,TRUE,1,TRUE,FALSE,2,0,"[{""Banner Id"":144,""301 URLs"":[""https://www.pregnancyandbaby.ie/medela-freestyle-breast-pump/"",""https://www.pregnancyandbaby.ie/medela-swing-breast-pump/""]}]","[{""Banner Id"":144,""404 URLs"":[]}]",1,1,Pregnancy Gymnastics Manual | PregnancyandBaby.ie,49,Buy Pregnancy Gymnastics Manual Online at pregnancyandbaby.ie Ireland's No1 Specialist Pregnancy Store. We Wont Be Beaten on Price or Service. Next Day Delivery Ireland,168,https://www.pregnancyandbaby.ie/ledraplastic/,https://cdn11.bigcommerce.com/s-5rdxj17/product_images/k/ledraplastic_1523280844__66131.jpg,,
154,Jumper,TRUE,TRUE,TRUE,1,FALSE,FALSE,0,0,"[{""Banner Id"":187,""301 URLs"":[]}]","[{""Banner Id"":187,""404 URLs"":[]}]",9,6,"Jumper : Blood Pressure Monitors, Blood Tests, and Thermometers",63,"Shop blood pressure monitors, blood glucose monitors and infrared thermometers at Pregnancyandbaby.ie and get superfast delivery anywhere in Ireland.",149,https://www.pregnancyandbaby.ie/jumper/,https://cdn11.bigcommerce.com/s-5rdxj17/product_images/c/jumper%20pb_1526631186__82301.jpg,,
155,Clippasafe ,TRUE,TRUE,TRUE,2,TRUE,FALSE,1,0,"[{""Banner Id"":82,""301 URLs"":[]},{""Banner Id"":157,""301 URLs"":[""https://www.pregnancyandbaby.ie/chicco-trio-stylego-travel-system-black-night/""]}]","[{""Banner Id"":82,""404 URLs"":[]},{""Banner Id"":157,""404 URLs"":[]}]",1,1,Clippasafe : Baby Safe Bump Belt For Pregnant Mums To Be,56,Clippasafe bump belt is a baby safe seat belt positioning system for mums to be. Order your bump belt today and get next day delivery direct from Ireland,153,https://www.pregnancyandbaby.ie/clippasafe/,https://cdn11.bigcommerce.com/s-5rdxj17/product_images/b/clippasafe%20p%26b_1530021099__14313.jpg,,"bump belt, pregnancy seat belt"
156,5 Point Plus,TRUE,TRUE,TRUE,2,FALSE,FALSE,0,0,"[{""Banner Id"":107,""301 URLs"":[]}]","[{""Banner Id"":107,""404 URLs"":[]}]",1,0,5 Point Plus Anti Seat Belt Escape for Your Little Houdini,58,5 Point Plus anti seat belt escape system will stop your little ones escaping from their car seat. Order today before 2pm for next day delivery in Ireland,154,https://www.pregnancyandbaby.ie/5-point-plus/,https://cdn11.bigcommerce.com/s-5rdxj17/product_images/z/5point_1531223610__18947.jpg,,
157,Kids Kit,TRUE,TRUE,TRUE,1,FALSE,FALSE,0,0,"[{""Banner Id"":105,""301 URLs"":[]}]","[{""Banner Id"":105,""404 URLs"":[]}]",1,1,Kids Kit Baby Bath and Toilet Training Product From Ireland,59,Shop the Kids Kit range of baby bath and toilet training products. Place your order today online and get next day deliver from our warehouse in Ireland,151,https://www.pregnancyandbaby.ie/kids-kit/,https://cdn11.bigcommerce.com/s-5rdxj17/product_images/b/kids%20kit_1547564899__35543.jpg,,
158,Pipsy Koala,TRUE,TRUE,TRUE,2,FALSE,FALSE,0,0,"[{""Banner Id"":78,""301 URLs"":[]},{""Banner Id"":158,""301 URLs"":[]}]","[{""Banner Id"":78,""404 URLs"":[]},{""Banner Id"":158,""404 URLs"":[]}]",1,0,Pipsy Koala Award Winning Soft Night Light Now in Ireland,57,The award winning Pipsy Koala soft night light now available in Ireland on Pregnancyandbaby.ie. Get next day delivery from our warehouse in Bray Ireland,152,https://www.pregnancyandbaby.ie/pipsy-koala/,https://cdn11.bigcommerce.com/s-5rdxj17/product_images/m/pipsy%20cola_1547563866__72589.jpg,,night light
159,Doidy ,TRUE,TRUE,TRUE,1,FALSE,FALSE,0,0,"[{""Banner Id"":89,""301 URLs"":[]}]","[{""Banner Id"":89,""404 URLs"":[]}]",1,0,Doidy Cup : Helps Children Learn To Drink From A Regular Cup,60,The Doidy cup is a unique scientifically designed slant cup that helps children learn to drink from a regular cup. Order today for next day delivery in Ireland,159,https://www.pregnancyandbaby.ie/doidy/,https://cdn11.bigcommerce.com/s-5rdxj17/product_images/a/doidy%20logo%20%281%29_1547564337__35297.jpg,,
161,Miracle Blanket,TRUE,TRUE,TRUE,2,TRUE,FALSE,2,0,"[{""Banner Id"":94,""301 URLs"":[]},{""Banner Id"":153,""301 URLs"":[""https://www.pregnancyandbaby.ie/infrared-dual-mode-medical-thermometer/"",""https://www.pregnancyandbaby.ie/infrared-dual-mode-medical-thermometer/""]}]","[{""Banner Id"":94,""404 URLs"":[]},{""Banner Id"":153,""404 URLs"":[]}]",1,1,Miracle Blanket Swaddle : Over 1.5 million Babies Swaddled,58,"More than 1.5 million babies have been safely swaddled in the Miracle Blanket. The reviews speak for themselves, order today & get next day delivery in Ireland",159,https://www.pregnancyandbaby.ie/miracle-blanket/,https://cdn11.bigcommerce.com/s-5rdxj17/product_images/o/miracle%20%281%29_1547564982__77456.jpg,,
162,Mooncow,FALSE,FALSE,TRUE,1,FALSE,FALSE,0,0,"[{""Banner Id"":147,""301 URLs"":[]}]","[{""Banner Id"":147,""404 URLs"":[]}]",1,0,,0,,0,https://www.pregnancyandbaby.ie/mooncow/,https://cdn11.bigcommerce.com/s-5rdxj17/product_images/k/moon%20cow_1547565052__14067.jpg,,
163,Infinity,FALSE,FALSE,TRUE,1,FALSE,FALSE,0,0,"[{""Banner Id"":148,""301 URLs"":[]}]","[{""Banner Id"":148,""404 URLs"":[]}]",1,1,,0,,0,https://www.pregnancyandbaby.ie/infinity/,https://cdn11.bigcommerce.com/s-5rdxj17/product_images/k/infinity%20jpg%20%281%29_1547564736__64220.jpg,,
164,breastvest,TRUE,TRUE,TRUE,2,TRUE,FALSE,1,0,"[{""Banner Id"":75,""301 URLs"":[]},{""Banner Id"":149,""301 URLs"":[""https://www.pregnancyandbaby.ie/clevamama-cotton-fitted-mattress-protector-for-baby-crib/""]}]","[{""Banner Id"":75,""404 URLs"":[]},{""Banner Id"":149,""404 URLs"":[]}]",2,2,Breastvest Nursing Top Turn Any Top Into a Breastfeeding Top,60,Breastvest nursing tops turn any normal top into a breastfeeding top. Order your Breast vest today and get next day delivery from our warehouse in Ireland,154,https://www.pregnancyandbaby.ie/breastvest/,https://cdn11.bigcommerce.com/s-5rdxj17/product_images/l/brestvest%20logo%20%281%29_1547564164__11874.jpg,,"nursing tops, breastfeeding tops"
165,Proceive,TRUE,TRUE,TRUE,1,FALSE,FALSE,0,0,"[{""Banner Id"":106,""301 URLs"":[]}]","[{""Banner Id"":106,""404 URLs"":[]}]",9,8,Proceive : Award Winning Fertility & Conception Supplements,59,Procieve award winning fertility and conception supplements now available on PregnancandBaby. Order today and get next day delivery in Ireland,142,https://www.pregnancyandbaby.ie/proceive/,https://cdn11.bigcommerce.com/s-5rdxj17/product_images/o/proceive_1547563898__12999.jpg,,
167,Earth Friendly Baby,TRUE,TRUE,TRUE,1,FALSE,FALSE,0,0,"[{""Banner Id"":76,""301 URLs"":[]}]","[{""Banner Id"":76,""404 URLs"":[]}]",8,4,Earth Friendly Baby : Natural Baby Products for Baby's Skin,59,Earth Friendly Baby is an award winning range of natural baby products designed for delicate skin. Order today get fast delivery from our Irish warehouse,153,https://www.pregnancyandbaby.ie/earth-friendly-baby/,https://cdn11.bigcommerce.com/s-5rdxj17/product_images/i/efb%20logo%20%281%29_1547564470__70210.jpg,,
168,Fill N Squeeze,TRUE,TRUE,TRUE,1,TRUE,FALSE,1,0,"[{""Banner Id"":122,""301 URLs"":[""https://www.pregnancyandbaby.ie/carriwell-hospital-panties-5-pack-disposable/""]}]","[{""Banner Id"":122,""404 URLs"":[]}]",10,4,Fill N Squeeze : PregnancyandBaby.ie,36,Fill N Squeeze is a great product to ensure your baby or toddler gets home cooked nutrition food without the mess. Order today & get next day delivery in Ireland,161,https://www.pregnancyandbaby.ie/fill-n-squeeze/,https://cdn11.bigcommerce.com/s-5rdxj17/product_images/e/fill%20logo%20%281%29_1547564559__93637.jpg,,pouches
170,Dooky,TRUE,TRUE,TRUE,1,TRUE,FALSE,2,0,"[{""Banner Id"":90,""301 URLs"":[""https://www.pregnancyandbaby.ie/dooky-luxury-car-seat-footmuff-small-grey-stars/"",""https://www.pregnancyandbaby.ie/dooky-luxury-footmuff-large-grey-stars/""]}]","[{""Banner Id"":90,""404 URLs"":[]}]",3,0,Dooky : Versatile Buggy and Pram Shade and Accessories,54,Dooky has become known for the creation of elegant versatiles buggy and pram shade. Order your buggy accessories today and get next day delivery in Ireland,155,https://www.pregnancyandbaby.ie/dooky/,https://cdn11.bigcommerce.com/s-5rdxj17/product_images/k/dooky%20logo%20p%20and%20b%20%281%29_1547564260__08187.jpg,,"footmuffs, muffs, muff"
171,Natures Aid,TRUE,TRUE,FALSE,,,,,,,,1,1,Natures Aid : Supplemental Folic Acid Intake,44,Natures Aid Folic Acid intake increases maternal folate status. Low maternal folate status is a risk factor in the development of the developing foetus.,152,https://www.pregnancyandbaby.ie/natures-aid/,https://cdn11.bigcommerce.com/s-5rdxj17/product_images/z/natures%20aid_1558605632__66509.jpg,,
173,Sudocrem,TRUE,TRUE,FALSE,,,,,,,,1,1,Sudocrem : Effective in the Treatment of Nappy Rash,51,Sudocrem is a versatile healing cream is a popular and effective cream in the treatment of nappy rash. Sudocrem cream is also widely used by the whole family,157,https://www.pregnancyandbaby.ie/sudocrem/,https://cdn11.bigcommerce.com/s-5rdxj17/product_images/a/sudocrem_1558605725__62980.jpg,,
174,Pampers,TRUE,TRUE,FALSE,,,,,,,,1,1,Pampers Have Been Developing Nappies For Over 50 Years,54,Pampers is a high quality popular nappy brand. Pampers have been developing nappies for over 50 years. Order online today and get next day delivery,147,https://www.pregnancyandbaby.ie/pampers/,https://cdn11.bigcommerce.com/s-5rdxj17/product_images/m/pampers_1558605699__72502.jpg,,
175,Bonjela,TRUE,TRUE,FALSE,,,,,,,,2,1,Bonjela : Fast Acting Pain Relief Gel for Teething Babies Gum,61,Bonjela is a fast acting gel that creates a protective film for teething babies gums to help relieve pain and discomfort. Order today for next day delivery,155,https://www.pregnancyandbaby.ie/bonjela/,https://cdn11.bigcommerce.com/s-5rdxj17/product_images/u/bonjela_1558605040__87723.jpg,,
176,My Brest Friend,TRUE,TRUE,FALSE,,,,,,,,3,2,My Brest Friend Breastfeeding Pillow,36,The My Brest Friend Breastfeeding Pillow is the Number 1 baby breastfeeding pillow of choice for breastfeeding experts. Order today for next day delivery,153,https://www.pregnancyandbaby.ie/my-brest-friend/,https://cdn11.bigcommerce.com/s-5rdxj17/product_images/w/my%20brest%20friend%20brand_1558605620__40281.jpg,,best
178,Owlet,TRUE,TRUE,TRUE,1,TRUE,FALSE,2,0,"[{""Banner Id"":170,""301 URLs"":[""https://www.pregnancyandbaby.ie/owlet-smart-sock-baby-monitor/"",""https://www.pregnancyandbaby.ie/owlet-sock-and-camera-smart-baby-monitor/""]}]","[{""Banner Id"":170,""404 URLs"":[]}]",4,1,Owlet : Smart Baby Heart Rate & Oxygen Monitor,46,The Owlet Smart Baby Monitor lets you track your baby's heart rate and oxygen levels while they sleep and get notifications if your baby needs to be checked,156,https://www.pregnancyandbaby.ie/owlet/,https://cdn11.bigcommerce.com/s-5rdxj17/product_images/e/owlet_1558605680__36414.jpg,,
179,Outlook,TRUE,TRUE,FALSE,,,,,,,,1,1,Outlook Auto Shades : Cools & Reduces Glare for Napping,55,The Outlook Auto Shade make the perfect car acccesory as they cools and reduces glare for comfy napping while screening out 90% of UV rays. Order today,151,https://www.pregnancyandbaby.ie/outlook/,https://cdn11.bigcommerce.com/s-5rdxj17/product_images/h/outlook_1558605662__09820.jpg,,
181,LombaMum,FALSE,FALSE,FALSE,,,,,,,,2,1,,0,,0,https://www.pregnancyandbaby.ie/lombamum/,https://cdn11.bigcommerce.com/s-5rdxj17/product_images/j/lombamum%27_1558605416__64845.jpg,,
183,Bebe Au Lait,TRUE,TRUE,FALSE,,,,,,,,1,1,Bebe Au Lait : Get a little extra privacy while nursing in public,65,Get a little extra privacy while nursing in public with Bebe au Lait patented nursing covers. Order today & get next day delivery direct from Ireland,149,https://www.pregnancyandbaby.ie/bebe-au-lait/,https://cdn11.bigcommerce.com/s-5rdxj17/product_images/v/bebe%20au%20lait%20brand_1558605027__59668.jpg,,
184,Eco Egg,TRUE,TRUE,TRUE,1,FALSE,FALSE,0,0,"[{""Banner Id"":111,""301 URLs"":[]}]","[{""Banner Id"":111,""404 URLs"":[]}]",4,4,Eco Egg : Laundry Detergent Free From Harsh Chemicals,53,Eco Egg laundry products are free from harsh chemicals and excellent value for money. Order your eco egg today and get next day delivery direct from Ireland,156,https://www.pregnancyandbaby.ie/eco-egg/,https://cdn11.bigcommerce.com/s-5rdxj17/product_images/k/ecoegg_1563451475__13436.jpg,,"eco friendly, laundry"
185,My Expert Midwife,TRUE,TRUE,TRUE,1,FALSE,FALSE,0,0,"[{""Banner Id"":172,""301 URLs"":[]}]","[{""Banner Id"":172,""404 URLs"":[]}]",7,7,"My Expert Midwife : Pregnancy, Postnatal & New-born Products",60,"My Expert Midwife is a multi-award winning pregnancy, postnatal and new-born baby skincare brand. Order today and get next day delivery direct from Ireland",155,https://www.pregnancyandbaby.ie/my-expert-midwife/,https://cdn11.bigcommerce.com/s-5rdxj17/product_images/w/my%20expert%20midwife_1578906022__12113.jpg,,
186,Ergobaby,TRUE,TRUE,TRUE,1,FALSE,FALSE,0,0,"[{""Banner Id"":112,""301 URLs"":[]}]","[{""Banner Id"":112,""404 URLs"":[]}]",12,11,"Ergobaby : Awarding Winning Baby Carriers, Slings & Wraps",57,"The award winning ergobaby carriers, slings & wraps are synonymous with quality & comfort for mother and baby. Order today and get next day delivery in Ireland",159,https://www.pregnancyandbaby.ie/ergobaby/,https://cdn11.bigcommerce.com/s-5rdxj17/product_images/f/ergobaby_1572340507__80389.jpg,,"baby carriers, slings, wraps, ergo"
192,Matchstick Monkey,TRUE,TRUE,FALSE,,,,,,,,4,4,Matchstick Monkey : Award Winning Baby Teething Toys,52,Matchstick Monkey is a range of award winning baby teething toys. Order today and get next day delivery direct from Ireland,123,https://www.pregnancyandbaby.ie/matchstick-monkey/,https://cdn11.bigcommerce.com/s-5rdxj17/product_images/s/matchstick%20monkey_1593073872__68753.jpg,,
193,InHealth,FALSE,FALSE,FALSE,,,,,,,,1,0,,0,,0,https://www.pregnancyandbaby.ie/inhealth/,https://cdn11.bigcommerce.com/s-5rdxj17/product_images/r/inhealth_1593073856__81695.jpg,,
194,Ferti Lily,TRUE,TRUE,TRUE,1,FALSE,FALSE,0,0,"[{""Banner Id"":173,""301 URLs"":[]}]","[{""Banner Id"":173,""404 URLs"":[]}]",1,1,FERTI·LILY Conception Cup is a hormone-​free conception aid,59,The FERTI·LILY Conception Cup is a hormone-​free conception aid that increases the chances of getting pregnant by 48%. Order today and get next day delivery,156,https://www.pregnancyandbaby.ie/ferti-lily/,https://cdn11.bigcommerce.com/s-5rdxj17/product_images/e/fertilily_1593073160__18469.jpg,,"stork, conception cup, insemination"
197,Baby Brezza,TRUE,TRUE,FALSE,,,,,,,,1,0,Baby Brezza Formula Pro Advanced Baby Formula Dispensers : Shop Irish,69,Buy Baby Brezza Formula Pro Advanced Baby Formula Dispenser from Irish Owned business Pregnancy&Baby.ie and enjoy our premium next day delivery anywhere in Ireland,163,https://www.pregnancyandbaby.ie/baby-brezza/,https://cdn11.bigcommerce.com/s-5rdxj17/product_images/c/baby%20brezza%20%281%29_1614250022__10262.jpg,,
199,Nua Fertility,TRUE,TRUE,FALSE,,,,,,,,1,1,Nua Fertility : Award Winning Female Fertility Supplement,57,"Nua Fertility is an award-winning female fertility supplement. Its unique formula of vitamins, minerals & live bacteria is designed for women trying to conceive",160,https://www.pregnancyandbaby.ie/nua-fertility/,https://cdn11.bigcommerce.com/s-5rdxj17/product_images/e/nua%20fertility%20brand_1615561440__22963.jpg,,
200,Red Castle Cocoonababy,TRUE,TRUE,FALSE,,,,,,,,4,3,Red Castle Cocoonababy Ergonomic Cocoon for Newborns,52,The Red Castle cocoonababy ergonomic cocoon for newborns is available for next day delivery on PregnancyandBaby.ie from our warehouse in Bray Co Wicklow,152,https://www.pregnancyandbaby.ie/red-castle-cocoonababy/,https://cdn11.bigcommerce.com/s-5rdxj17/product_images/w/red%20castle%20%281%29_1620811014__63783.jpg,,
202,First Aid Kit,FALSE,FALSE,FALSE,,,,,,,,1,1,,0,,0,https://www.pregnancyandbaby.ie/first-aid-kit/,https://cdn11.bigcommerce.com/s-5rdxj17/product_images/d/first%20aid%20kitt%20p%26b_1623674995__55444.jpg,,
203,Joie,TRUE,TRUE,FALSE,,,,,,,,4,4,Joie : Child Car Seats Focused On Safety & Security,51,The Joie car seats range is a versatile collection of car seats designed for your growing child while focused on safety & security. Order & get next day delivery,161,https://www.pregnancyandbaby.ie/joie/,https://cdn11.bigcommerce.com/s-5rdxj17/product_images/u/joie_1623675264__60901.jpg,,
204,Moby,TRUE,TRUE,FALSE,,,,,,,,1,1,Moby Award Winning Baby Carriers and Sling,42,Moby is an awarding winning brand that offer an innovative collection of baby carriers and slings. Order today and get next day delivery in Ireland,147,https://www.pregnancyandbaby.ie/moby/,https://cdn11.bigcommerce.com/s-5rdxj17/product_images/p/moby_1623675330__42532.jpg,,
205,Zazu,TRUE,TRUE,FALSE,,,,,,,,1,1,Zazu Portable Baby Soother use Doctor Proven Technique,54,The Zazu is a portable baby soother that uses doctor proven technique to help sooth your child. Order today and get next day delivery in Ireland,144,https://www.pregnancyandbaby.ie/zazu/,https://cdn11.bigcommerce.com/s-5rdxj17/product_images/x/zazu%20%281%29_1623675564__94148.jpg,,
206,Snuggle Me,TRUE,TRUE,FALSE,,,,,,,,4,2,The Snuggle Me Lounger is Designed to Hug Your Baby's Body,58,The Snuggle Me Lounger is a unique lounging pad designed to hug your baby's full body. Order your Snuggle Me today and get next day delivery in Ireland,151,https://www.pregnancyandbaby.ie/snuggle-me/,https://cdn11.bigcommerce.com/s-5rdxj17/product_images/s/snuggle%20me%20organic%20brand%20%281%29_1623675387__03232.jpg,,
207,Childs Farm,TRUE,TRUE,TRUE,1,FALSE,FALSE,0,0,"[{""Banner Id"":184,""301 URLs"":[]}]","[{""Banner Id"":184,""404 URLs"":[]}]",14,12,Childs Farm : Award Winning Sensitive Skincare Products,55,Childs Farm is an award winning brand that uses naturally derived ingredients and essential oils to produce a range of products designed for sensitive skin,155,https://www.pregnancyandbaby.ie/childs-farm/,https://cdn11.bigcommerce.com/s-5rdxj17/product_images/l/childs%20farm%20p%26b_1623674683__38866.jpg,,
208,East Coast,FALSE,FALSE,FALSE,,,,,,,,2,1,,0,,0,https://www.pregnancyandbaby.ie/east-coast/,https://cdn11.bigcommerce.com/s-5rdxj17/product_images/q/east%20coast%20p%26b_1623674897__76086.jpg,,
209,Solgar,TRUE,TRUE,FALSE,,,,,,,,3,3,"Solgar : Prenatal, Pregnancy & Postnatal Vitamin & Supplement",61,"For over 70 years Solgar has been the gold standard in the development of vitamin and supplement when it come to fertility, prenatal, pregnancy & postnatal",155,https://www.pregnancyandbaby.ie/solgar/,https://cdn11.bigcommerce.com/s-5rdxj17/product_images/r/solgar%20%281%29_1623675464__64435.jpg,,
210,Bioderma,TRUE,TRUE,FALSE,,,,,,,,3,3,Bioderma : Dermatological Skincare for all Skin Types,53,Bioderma specialise in dermatological skincare products tailored for skin protection including babies sensitive skin. Order today & get next day delivery,153,https://www.pregnancyandbaby.ie/bioderma/,https://cdn11.bigcommerce.com/s-5rdxj17/product_images/f/bioderma%20p%26b_1623674583__44131.jpg,,
211,FOREO,TRUE,TRUE,FALSE,,,,,,,,2,2,FOREO Kids Toothbrushes : PregnancyandBaby.ie,45,FOREO Kids Toothbrushes are soft with silicone bristles that have micro-sweeping motions to protect teeth while removing 30% more plaque,136,https://www.pregnancyandbaby.ie/foreo/,https://cdn11.bigcommerce.com/s-5rdxj17/product_images/t/foreo%20p%26b_1623675092__09732.jpg,,
